Unnamed: 0,Step,algorithm,seed,avg@32,pass@1,pass@2,pass@4,pass@8,pass@16,pass@32,pass@64,pass@128
14,0,qwen2.5-1.5b-2gpu-GRPO,42,0.032627755511022,0.0317196893787575,0.0563905862906916,0.0955133145931908,0.1514826927484872,0.220608444764321,0.2917704388404923,0.3570656445509432,0.4188376753507014
15,0,qwen2.5-1.5b-2gpu-GRPO,43,0.032627755511022,0.0317196893787575,0.0563905862906916,0.0955133145931908,0.1514826927484872,0.220608444764321,0.2917704388404923,0.3570656445509432,0.4188376753507014
16,0,qwen2.5-1.5b-2gpu-GRPO,44,0.032627755511022,0.0317196893787575,0.0563905862906916,0.0955133145931908,0.1514826927484872,0.220608444764321,0.2917704388404923,0.3570656445509432,0.4188376753507014
36,0,qwen2.5-1.5b-2gpu-PPO,42,0.032001503006012,0.0307646543086172,0.0543426912880879,0.0913956676006681,0.1443640885579833,0.2103584832883989,0.2802626334562205,0.3488088701285194,0.4208416833667334
46,0,qwen2.5-1.5b-2gpu-PPO,42+1,0.032001503006012,0.0307646543086172,0.0543426912880879,0.0913956676006681,0.1443640885579833,0.2103584832883989,0.2802626334562205,0.3488088701285194,0.4208416833667334
34,0,qwen2.5-1.5b-2gpu-PPO,43,0.032001503006012,0.0307646543086172,0.0543426912880879,0.0913956676006681,0.1443640885579833,0.2103584832883989,0.2802626334562205,0.3488088701285194,0.4208416833667334
35,0,qwen2.5-1.5b-2gpu-PPO,44,0.032001503006012,0.0307646543086172,0.0543426912880879,0.0913956676006681,0.1443640885579833,0.2103584832883989,0.2802626334562205,0.3488088701285194,0.4208416833667334
47,0,qwen2.5-1.5b-2gpu-PPO-2,42+1,0.032001503006012,0.0307646543086172,0.0543426912880879,0.0913956676006681,0.1443640885579833,0.2103584832883989,0.2802626334562205,0.3488088701285194,0.4208416833667334
49,0,qwen2.5-1.5b-2gpu-PPO-8,42+1,0.032001503006012,0.0307646543086172,0.0543426912880879,0.0913956676006681,0.1443640885579833,0.2103584832883989,0.2802626334562205,0.3488088701285194,0.4208416833667334
38,0,qwen2.5-1.5b-2gpu-PPO-C51,42,0.032001503006012,0.0307646543086172,0.0543426912880879,0.0913956676006681,0.1443640885579833,0.2103584832883989,0.2802626334562205,0.3488088701285194,0.4208416833667334
39,0,qwen2.5-1.5b-2gpu-PPO-C51,43,0.032001503006012,0.0307646543086172,0.0543426912880879,0.0913956676006681,0.1443640885579833,0.2103584832883989,0.2802626334562205,0.3488088701285194,0.4208416833667334
37,0,qwen2.5-1.5b-2gpu-PPO-C51,44,0.032001503006012,0.0307646543086172,0.0543426912880879,0.0913956676006681,0.1443640885579833,0.2103584832883989,0.2802626334562205,0.3488088701285194,0.4208416833667334
40,0,qwen2.5-1.5b-2gpu-PPO-QRDQN,42,0.032001503006012,0.0307646543086172,0.0543426912880879,0.0913956676006681,0.1443640885579833,0.2103584832883989,0.2802626334562205,0.3488088701285194,0.4208416833667334
41,0,qwen2.5-1.5b-2gpu-PPO-QRDQN,43,0.032001503006012,0.0307646543086172,0.0543426912880879,0.0913956676006681,0.1443640885579833,0.2103584832883989,0.2802626334562205,0.3488088701285194,0.4208416833667334
42,0,qwen2.5-1.5b-2gpu-PPO-QRDQN,44,0.032001503006012,0.0307646543086172,0.0543426912880879,0.0913956676006681,0.1443640885579833,0.2103584832883989,0.2802626334562205,0.3488088701285194,0.4208416833667334
43,0,qwen2.5-1.5b-2gpu-PPO-iqn,42,0.032001503006012,0.0307646543086172,0.0543426912880879,0.0913956676006681,0.1443640885579833,0.2103584832883989,0.2802626334562205,0.3488088701285194,0.4208416833667334
44,0,qwen2.5-1.5b-2gpu-PPO-iqn,43,0.032001503006012,0.0307646543086172,0.0543426912880879,0.0913956676006681,0.1443640885579833,0.2103584832883989,0.2802626334562205,0.3488088701285194,0.4208416833667334
45,0,qwen2.5-1.5b-2gpu-PPO-iqn,44,0.032001503006012,0.0307646543086172,0.0543426912880879,0.0913956676006681,0.1443640885579833,0.2103584832883989,0.2802626334562205,0.3488088701285194,0.4208416833667334
29,0,qwen2.5-1.5b-2gpu-PPO-reweight-baseline1-v1-cvarupper25-iqn-1,42,0.032001503006012,0.0307646543086172,0.0543426912880879,0.0913956676006681,0.1443640885579833,0.2103584832883989,0.2802626334562205,0.3488088701285194,0.4208416833667334
12,0,qwen2.5-1.5b-2gpu-PPO-reweight-baseline1-v1-cvarupper25-iqn-1,43,0.032001503006012,0.0307646543086172,0.0543426912880879,0.0913956676006681,0.1443640885579833,0.2103584832883989,0.2802626334562205,0.3488088701285194,0.4208416833667334
13,0,qwen2.5-1.5b-2gpu-PPO-reweight-baseline1-v1-cvarupper25-iqn-1,44,0.032001503006012,0.0307646543086172,0.0543426912880879,0.0913956676006681,0.1443640885579833,0.2103584832883989,0.2802626334562205,0.3488088701285194,0.4208416833667334
26,0,qwen2.5-1.5b-2gpu-PPO-reweight-baseline1-v3-cvarupper25-iqn-1,42,0.032001503006012,0.0307646543086172,0.0543426912880879,0.0913956676006681,0.1443640885579833,0.2103584832883989,0.2802626334562205,0.3488088701285194,0.4208416833667334
27,0,qwen2.5-1.5b-2gpu-PPO-reweight-baseline1-v3-cvarupper25-iqn-1,43,0.032001503006012,0.0307646543086172,0.0543426912880879,0.0913956676006681,0.1443640885579833,0.2103584832883989,0.2802626334562205,0.3488088701285194,0.4208416833667334
28,0,qwen2.5-1.5b-2gpu-PPO-reweight-baseline1-v3-cvarupper25-iqn-1,44,0.032001503006012,0.0307646543086172,0.0543426912880879,0.0913956676006681,0.1443640885579833,0.2103584832883989,0.2802626334562205,0.3488088701285194,0.4208416833667334
23,0,qwen2.5-1.5b-2gpu-PPO-reweight-baseline1-v3-cvarupper25-iqn-8,42,0.032001503006012,0.0307646543086172,0.0543426912880879,0.0913956676006681,0.1443640885579833,0.2103584832883989,0.2802626334562205,0.3488088701285194,0.4208416833667334
24,0,qwen2.5-1.5b-2gpu-PPO-reweight-baseline1-v3-cvarupper25-iqn-8,43,0.032001503006012,0.0307646543086172,0.0543426912880879,0.0913956676006681,0.1443640885579833,0.2103584832883989,0.2802626334562205,0.3488088701285194,0.4208416833667334
25,0,qwen2.5-1.5b-2gpu-PPO-reweight-baseline1-v3-cvarupper25-iqn-8,44,0.032001503006012,0.0307646543086172,0.0543426912880879,0.0913956676006681,0.1443640885579833,0.2103584832883989,0.2802626334562205,0.3488088701285194,0.4208416833667334
3,0,qwen2.5-1.5b-2gpu-PPO-risk-baseline1-v1-cvarlower25-iqn,42,0.032001503006012,0.0307646543086172,0.0543426912880879,0.0913956676006681,0.1443640885579833,0.2103584832883989,0.2802626334562205,0.3488088701285194,0.4208416833667334
4,0,qwen2.5-1.5b-2gpu-PPO-risk-baseline1-v1-cvarlower25-iqn,43,0.032001503006012,0.0307646543086172,0.0543426912880879,0.0913956676006681,0.1443640885579833,0.2103584832883989,0.2802626334562205,0.3488088701285194,0.4208416833667334
5,0,qwen2.5-1.5b-2gpu-PPO-risk-baseline1-v1-cvarlower25-iqn,44,0.032001503006012,0.0307646543086172,0.0543426912880879,0.0913956676006681,0.1443640885579833,0.2103584832883989,0.2802626334562205,0.3488088701285194,0.4208416833667334
9,0,qwen2.5-1.5b-2gpu-PPO-risk-baseline1-v1-cvarupper25-iqn,42,0.032001503006012,0.0307646543086172,0.0543426912880879,0.0913956676006681,0.1443640885579833,0.2103584832883989,0.2802626334562205,0.3488088701285194,0.4208416833667334
10,0,qwen2.5-1.5b-2gpu-PPO-risk-baseline1-v1-cvarupper25-iqn,43,0.032001503006012,0.0307646543086172,0.0543426912880879,0.0913956676006681,0.1443640885579833,0.2103584832883989,0.2802626334562205,0.3488088701285194,0.4208416833667334
11,0,qwen2.5-1.5b-2gpu-PPO-risk-baseline1-v1-cvarupper25-iqn,44,0.032001503006012,0.0307646543086172,0.0543426912880879,0.0913956676006681,0.1443640885579833,0.2103584832883989,0.2802626334562205,0.3488088701285194,0.4208416833667334
17,0,qwen2.5-1.5b-2gpu-PPO-risk-baseline1-v3-cvarlower25-iqn-1,42,0.032001503006012,0.0307646543086172,0.0543426912880879,0.0913956676006681,0.1443640885579833,0.2103584832883989,0.2802626334562205,0.3488088701285194,0.4208416833667334
18,0,qwen2.5-1.5b-2gpu-PPO-risk-baseline1-v3-cvarlower25-iqn-1,43,0.032001503006012,0.0307646543086172,0.0543426912880879,0.0913956676006681,0.1443640885579833,0.2103584832883989,0.2802626334562205,0.3488088701285194,0.4208416833667334
19,0,qwen2.5-1.5b-2gpu-PPO-risk-baseline1-v3-cvarlower25-iqn-1,44,0.032001503006012,0.0307646543086172,0.0543426912880879,0.0913956676006681,0.1443640885579833,0.2103584832883989,0.2802626334562205,0.3488088701285194,0.4208416833667334
0,0,qwen2.5-1.5b-2gpu-PPO-risk-baseline1-v3-cvarlower25-iqn-8,42,0.032001503006012,0.0307646543086172,0.0543426912880879,0.0913956676006681,0.1443640885579833,0.2103584832883989,0.2802626334562205,0.3488088701285194,0.4208416833667334
1,0,qwen2.5-1.5b-2gpu-PPO-risk-baseline1-v3-cvarlower25-iqn-8,43,0.032001503006012,0.0307646543086172,0.0543426912880879,0.0913956676006681,0.1443640885579833,0.2103584832883989,0.2802626334562205,0.3488088701285194,0.4208416833667334
2,0,qwen2.5-1.5b-2gpu-PPO-risk-baseline1-v3-cvarlower25-iqn-8,44,0.032001503006012,0.0307646543086172,0.0543426912880879,0.0913956676006681,0.1443640885579833,0.2103584832883989,0.2802626334562205,0.3488088701285194,0.4208416833667334
20,0,qwen2.5-1.5b-2gpu-PPO-risk-baseline1-v3-cvarupper25-iqn-1,42,0.032001503006012,0.0307646543086172,0.0543426912880879,0.0913956676006681,0.1443640885579833,0.2103584832883989,0.2802626334562205,0.3488088701285194,0.4208416833667334
21,0,qwen2.5-1.5b-2gpu-PPO-risk-baseline1-v3-cvarupper25-iqn-1,43,0.032001503006012,0.0307646543086172,0.0543426912880879,0.0913956676006681,0.1443640885579833,0.2103584832883989,0.2802626334562205,0.3488088701285194,0.4208416833667334
22,0,qwen2.5-1.5b-2gpu-PPO-risk-baseline1-v3-cvarupper25-iqn-1,44,0.032001503006012,0.0307646543086172,0.0543426912880879,0.0913956676006681,0.1443640885579833,0.2103584832883989,0.2802626334562205,0.3488088701285194,0.4208416833667334
6,0,qwen2.5-1.5b-2gpu-PPO-risk-baseline1-v3-cvarupper25-iqn-8,42,0.032001503006012,0.0307646543086172,0.0543426912880879,0.0913956676006681,0.1443640885579833,0.2103584832883989,0.2802626334562205,0.3488088701285194,0.4208416833667334
7,0,qwen2.5-1.5b-2gpu-PPO-risk-baseline1-v3-cvarupper25-iqn-8,43,0.032001503006012,0.0307646543086172,0.0543426912880879,0.0913956676006681,0.1443640885579833,0.2103584832883989,0.2802626334562205,0.3488088701285194,0.4208416833667334
8,0,qwen2.5-1.5b-2gpu-PPO-risk-baseline1-v3-cvarupper25-iqn-8,44,0.032001503006012,0.0307646543086172,0.0543426912880879,0.0913956676006681,0.1443640885579833,0.2103584832883989,0.2802626334562205,0.3488088701285194,0.4208416833667334
32,0,qwen2.5-1.5b-2gpu-PPO-v2-iqn-8,42,0.032001503006012,0.0307646543086172,0.0543426912880879,0.0913956676006681,0.1443640885579833,0.2103584832883989,0.2802626334562205,0.3488088701285194,0.4208416833667334
50,0,qwen2.5-1.5b-2gpu-PPO-v2-iqn-8,42+1,0.032001503006012,0.0307646543086172,0.0543426912880879,0.0913956676006681,0.1443640885579833,0.2103584832883989,0.2802626334562205,0.3488088701285194,0.4208416833667334
33,0,qwen2.5-1.5b-2gpu-PPO-v2-iqn-8,43,0.032001503006012,0.0307646543086172,0.0543426912880879,0.0913956676006681,0.1443640885579833,0.2103584832883989,0.2802626334562205,0.3488088701285194,0.4208416833667334
30,0,qwen2.5-1.5b-2gpu-PPO-v3-iqn-8,42,0.032001503006012,0.0307646543086172,0.0543426912880879,0.0913956676006681,0.1443640885579833,0.2103584832883989,0.2802626334562205,0.3488088701285194,0.4208416833667334
48,0,qwen2.5-1.5b-2gpu-PPO-v3-iqn-8,42+1,0.032627755511022,0.0317196893787575,0.0563905862906916,0.0955133145931908,0.1514826927484872,0.220608444764321,0.2917704388404923,0.3570656445509432,0.4188376753507014
31,0,qwen2.5-1.5b-2gpu-PPO-v3-iqn-8,43,0.032001503006012,0.0307646543086172,0.0543426912880879,0.0913956676006681,0.1443640885579833,0.2103584832883989,0.2802626334562205,0.3488088701285194,0.4208416833667334
65,25,qwen2.5-1.5b-2gpu-GRPO,42,0.5201653306613226,0.517128006012024,0.6135955473940006,0.6863658049131633,0.7426102815389107,0.7882578152032998,0.8262885071652052,0.8586246166095199,0.8817635270541082
66,25,qwen2.5-1.5b-2gpu-GRPO,43,0.5070140280561122,0.5063877755511023,0.5996140903854954,0.6702615010673767,0.7240012531695088,0.765763615477943,0.7996909812512611,0.8256705480962622,0.845691382765531
67,25,qwen2.5-1.5b-2gpu-GRPO,44,0.5185996993987976,0.5143568386773547,0.610155103514115,0.6817765412715193,0.7374211334023054,0.7833604691859075,0.8221006919519936,0.8531386225609712,0.875751503006012
87,25,qwen2.5-1.5b-2gpu-PPO,42,0.0741482965931863,0.0725356963927855,0.1188619857825888,0.1803086014548782,0.2509506808431364,0.3235768183706625,0.3940032392771269,0.4585986135127414,0.5130260521042084
97,25,qwen2.5-1.5b-2gpu-PPO,42+1,0.1192384769539078,0.1206632014028056,0.1840346539535764,0.2564210101868528,0.3290605050353281,0.3963265209445489,0.4580764029610706,0.5147987746210468,0.56312625250501
85,25,qwen2.5-1.5b-2gpu-PPO,43,0.1291332665330661,0.1317322144288577,0.1975841446672873,0.2706381225142448,0.3427674966112605,0.4101404009872252,0.4723259222622029,0.5295006673932825,0.5811623246492986
86,25,qwen2.5-1.5b-2gpu-PPO,44,0.0998246492985971,0.0984155811623246,0.1550009467754406,0.2235096257381655,0.2961526532313134,0.3664110517272658,0.4318165240797777,0.4924790103643145,0.5511022044088176
98,25,qwen2.5-1.5b-2gpu-PPO-2,42+1,0.2256387775551102,0.2258266533066132,0.3046311619301595,0.3754116863272852,0.4395051646410287,0.4989630107783184,0.5520254366391186,0.597485609667285,0.6312625250501002
100,25,qwen2.5-1.5b-2gpu-PPO-8,42+1,0.4436372745490982,0.4451402805611222,0.5306720724914396,0.5942326281734823,0.6440995307300112,0.6817490754179083,0.71164898003536,0.7395753968118827,0.7655310621242485
89,25,qwen2.5-1.5b-2gpu-PPO-C51,42,0.3637900801603206,0.3647294589178356,0.4507472129297966,0.5201964391850818,0.5755938978350629,0.6186715671137407,0.6528810951687666,0.681151640682776,0.7054108216432866
90,25,qwen2.5-1.5b-2gpu-PPO-C51,43,0.3514529058116232,0.3544276052104208,0.4385355356382055,0.5073990111832214,0.5641592576191419,0.608586299676733,0.6433990706784567,0.6720886535537767,0.6973947895791583
88,25,qwen2.5-1.5b-2gpu-PPO-C51,44,0.4265405811623246,0.4238320390781563,0.5086486950278509,0.572187803428379,0.6215095080304965,0.6608637274388212,0.6938249751396947,0.724064408221629,0.7535070140280561
91,25,qwen2.5-1.5b-2gpu-PPO-QRDQN,42,0.3977329659318637,0.3967935871743487,0.4834462231549714,0.55075538159183,0.6026529598082777,0.6416988141866057,0.6714151004062144,0.6979579507845972,0.7234468937875751
92,25,qwen2.5-1.5b-2gpu-PPO-QRDQN,43,0.2953406813627254,0.2962017785571142,0.376872840168526,0.4460278545467388,0.5074932510078682,0.5599181389926153,0.600740309216759,0.6325537424185755,0.657314629258517
93,25,qwen2.5-1.5b-2gpu-PPO-QRDQN,44,0.3089929859719439,0.3098853957915831,0.3929783780158743,0.4635997288916039,0.5248626311702306,0.5768719676153451,0.6185444885594844,0.6519381983032966,0.6773547094188377
94,25,qwen2.5-1.5b-2gpu-PPO-iqn,42,0.2959669338677355,0.2951371492985972,0.3773326673031101,0.4472708871060455,0.5072103371197969,0.5573816763860436,0.5975265205287897,0.6295829618945105,0.657314629258517
95,25,qwen2.5-1.5b-2gpu-PPO-iqn,43,0.3411197394789579,0.3440944388777555,0.4277445146197908,0.4968482908824773,0.5547236706350465,0.6004755672690023,0.6355602162847014,0.6647930663152892,0.6913827655310621
96,25,qwen2.5-1.5b-2gpu-PPO-iqn,44,0.3513276553106212,0.3493862725450902,0.434202312104524,0.5042435660597535,0.5624884543003181,0.6082377150049476,0.6433907487228554,0.6724951294220886,0.7014028056112225
80,25,qwen2.5-1.5b-2gpu-PPO-reweight-baseline1-v1-cvarupper25-iqn-1,42,0.3424348697394789,0.3423565881763527,0.4268428589462389,0.4962165367480368,0.5545756669177847,0.6020740420491336,0.638905240154867,0.6693839681474223,0.6993987975951904
63,25,qwen2.5-1.5b-2gpu-PPO-reweight-baseline1-v1-cvarupper25-iqn-1,43,0.3639153306613226,0.3643693637274549,0.4497000891546873,0.5183117098463894,0.573640246857349,0.6162355778715114,0.6495250660907137,0.6783353639910984,0.7054108216432866
64,25,qwen2.5-1.5b-2gpu-PPO-reweight-baseline1-v1-cvarupper25-iqn-1,44,0.4279183366733466,0.4266658316633266,0.5136219782083853,0.5775813591938281,0.6255201755785935,0.661741711331622,0.6916369766418164,0.720856789030044,0.7474949899799599
77,25,qwen2.5-1.5b-2gpu-PPO-reweight-baseline1-v3-cvarupper25-iqn-1,42,0.3907815631262525,0.390123997995992,0.4767236244141827,0.5440490040824055,0.5968374851788475,0.638379447760341,0.6716842206542398,0.6994197234039248,0.7234468937875751
78,25,qwen2.5-1.5b-2gpu-PPO-reweight-baseline1-v3-cvarupper25-iqn-1,43,0.2585170340681362,0.258689253507014,0.3388011258737948,0.4086445124970601,0.4716239679154815,0.5291168997286209,0.579542239436004,0.6236948419966092,0.6633266533066132
79,25,qwen2.5-1.5b-2gpu-PPO-reweight-baseline1-v3-cvarupper25-iqn-1,44,0.3277179358717434,0.3293618486973947,0.4125393996654727,0.4817235278581159,0.5407539138262469,0.5887243042790397,0.6245550748292735,0.6521166008309989,0.6733466933867736
74,25,qwen2.5-1.5b-2gpu-PPO-reweight-baseline1-v3-cvarupper25-iqn-8,42,0.5080786573146293,0.5038357965931863,0.5957468578890064,0.6655458229920658,0.7196564950638356,0.7614119552709657,0.7945824985239825,0.8215425304117153,0.845691382765531
75,25,qwen2.5-1.5b-2gpu-PPO-reweight-baseline1-v3-cvarupper25-iqn-8,43,0.4891658316633266,0.4893850200400801,0.5781050289555488,0.6456400692273185,0.6984208496706242,0.7387546253313702,0.7704359028850566,0.7974190501126597,0.8196392785571143
76,25,qwen2.5-1.5b-2gpu-PPO-reweight-baseline1-v3-cvarupper25-iqn-8,44,0.4905435871743487,0.4923910320641282,0.5819717683398292,0.6498345849930082,0.7020754560260888,0.7423392396776207,0.775959399751823,0.8065928720970069,0.8316633266533067
54,25,qwen2.5-1.5b-2gpu-PPO-risk-baseline1-v1-cvarlower25-iqn,42,0.2894539078156312,0.2894695641282565,0.3719316092815552,0.4419326961008631,0.5016391154651776,0.5521676424647328,0.5949729161107834,0.6326263053208399,0.6673346693386774
55,25,qwen2.5-1.5b-2gpu-PPO-risk-baseline1-v1-cvarlower25-iqn,43,0.3615981963927855,0.3620991983967936,0.4464973253593802,0.5147061090685308,0.5690388408574524,0.6099862852939698,0.6415382292138762,0.6676062889299619,0.6893787575150301
56,25,qwen2.5-1.5b-2gpu-PPO-risk-baseline1-v1-cvarlower25-iqn,44,0.2848196392785571,0.2834418837675351,0.3652511716346077,0.4353069812290497,0.4971747690008957,0.5517771032707909,0.5977303271552133,0.6362525255224329,0.6713426853707415
60,25,qwen2.5-1.5b-2gpu-PPO-risk-baseline1-v1-cvarupper25-iqn,42,0.2875751503006012,0.2858059869739479,0.3670105959951399,0.4366267459929231,0.4977714152286009,0.5500782503866533,0.5922777277732426,0.6269649079872793,0.6593186372745491
61,25,qwen2.5-1.5b-2gpu-PPO-risk-baseline1-v1-cvarupper25-iqn,43,0.3403682364729459,0.3428419338677355,0.4263948665046629,0.4953601244483718,0.5534012838864536,0.5997945064102082,0.6357333260585002,0.6650348439752157,0.6933867735470942
62,25,qwen2.5-1.5b-2gpu-PPO-risk-baseline1-v1-cvarupper25-iqn,44,0.2902680360721443,0.2913952905811623,0.37132951927477,0.4397344381301034,0.5003445577783565,0.5532985848284873,0.596838503711476,0.6307315052131025,0.657314629258517
68,25,qwen2.5-1.5b-2gpu-PPO-risk-baseline1-v3-cvarlower25-iqn-1,42,0.2752692885771542,0.2749326778557114,0.3563768777712905,0.426889668726279,0.4891814608302652,0.5435124771078063,0.5889568180955496,0.6270882241865932,0.6603206412825651
69,25,qwen2.5-1.5b-2gpu-PPO-risk-baseline1-v3-cvarlower25-iqn-1,43,0.3590305611222444,0.3594689378757515,0.4443737376327458,0.5139341247173762,0.5702640171004957,0.6132404984617159,0.6483078461300011,0.6804893950139661,0.7094188376753507
70,25,qwen2.5-1.5b-2gpu-PPO-risk-baseline1-v3-cvarlower25-iqn-1,44,0.2608341683366733,0.264560370741483,0.3446306984046833,0.4142994870505916,0.4768411381282436,0.5320357818841348,0.5782284614997437,0.6157011212030533,0.6472945891783567
51,25,qwen2.5-1.5b-2gpu-PPO-risk-baseline1-v3-cvarlower25-iqn-8,42,0.5020666332665331,0.4992954659318637,0.5904089182301611,0.6592051132636476,0.7123830801203233,0.753529936628156,0.787736002619489,0.8201380258061999,0.8557114228456913
52,25,qwen2.5-1.5b-2gpu-PPO-risk-baseline1-v3-cvarlower25-iqn-8,43,0.4931112224448897,0.491435996993988,0.5797019728433244,0.6448900228278078,0.6948808112052993,0.7348485307318291,0.7676099329771101,0.7954769661956865,0.8196392785571143
53,25,qwen2.5-1.5b-2gpu-PPO-risk-baseline1-v3-cvarlower25-iqn-8,44,0.4887900801603206,0.4860345691382765,0.5739670778565005,0.6403053871146869,0.6925631362112743,0.7347144371738688,0.7700785305339444,0.8012524838575533,0.8296593186372746
71,25,qwen2.5-1.5b-2gpu-PPO-risk-baseline1-v3-cvarupper25-iqn-1,42,0.3610971943887776,0.3622401052104208,0.4472673200732172,0.5157544462753779,0.5704890673520714,0.6127881389282263,0.6468148633593442,0.6769481264849619,0.7054108216432866
72,25,qwen2.5-1.5b-2gpu-PPO-risk-baseline1-v3-cvarupper25-iqn-1,43,0.3262775551102204,0.3248684869739479,0.4059188751518786,0.4741661752451284,0.5339775382249298,0.5836692111271289,0.6210127118788277,0.6489936317640976,0.6713426853707415
73,25,qwen2.5-1.5b-2gpu-PPO-risk-baseline1-v3-cvarupper25-iqn-1,44,0.3380511022044088,0.3392096693386773,0.4225207304372524,0.4919140857643295,0.5506697595161764,0.5977660937588319,0.6342885959197564,0.6649205095716945,0.6933867735470942
57,25,qwen2.5-1.5b-2gpu-PPO-risk-baseline1-v3-cvarupper25-iqn-8,42,0.4742610220440881,0.4759519038076152,0.5634014091174474,0.6282197065672402,0.6779427110183308,0.7169686376388432,0.7498250391245154,0.7784947075066521,0.8056112224448898
58,25,qwen2.5-1.5b-2gpu-PPO-risk-baseline1-v3-cvarupper25-iqn-8,43,0.4915455911823647,0.4914673096192384,0.5816270829059693,0.6501756944710569,0.703052013035597,0.7431702079809113,0.7749385537442413,0.8010172910364964,0.8196392785571143
59,25,qwen2.5-1.5b-2gpu-PPO-risk-baseline1-v3-cvarupper25-iqn-8,44,0.4883517034068136,0.4834043086172345,0.5702571481545768,0.6354041681037366,0.6853630232606494,0.7232361463234069,0.7545695386759068,0.7825932511166832,0.8056112224448898
83,25,qwen2.5-1.5b-2gpu-PPO-v2-iqn-8,42,0.503006012024048,0.5005792835671342,0.590637968851088,0.6578635029714471,0.7095413170311424,0.7498428784450637,0.783867840851368,0.8154179899905594,0.843687374749499
101,25,qwen2.5-1.5b-2gpu-PPO-v2-iqn-8,42+1,0.4970566132264529,0.4972444889779559,0.5877710144698846,0.6563903104296331,0.7086743352193404,0.7489476409848482,0.783209069847916,0.8146993565144461,0.845691382765531
84,25,qwen2.5-1.5b-2gpu-PPO-v2-iqn-8,43,0.4844063126252505,0.484938627254509,0.5734862934530477,0.6404609150810057,0.6924217536573317,0.7326855129403724,0.7639598333359735,0.788963174530559,0.8096192384769539
81,25,qwen2.5-1.5b-2gpu-PPO-v3-iqn-8,42,0.4953031062124248,0.4971035821643286,0.5876282584854748,0.6557722086467648,0.7085041228907721,0.7497727807484927,0.7832892239078802,0.8125367249190877,0.8376753507014028
99,25,qwen2.5-1.5b-2gpu-PPO-v3-iqn-8,42+1,0.4785195390781563,0.4789266032064128,0.5674518327994572,0.6331843244043392,0.6842373468072884,0.723894693536673,0.7558795408880788,0.7842748392848722,0.8136272545090181
82,25,qwen2.5-1.5b-2gpu-PPO-v3-iqn-8,43,0.4872244488977956,0.4880855460921843,0.5756609182932794,0.641761048343406,0.6928527240637697,0.7329643982172809,0.7664447697196727,0.796478645366008,0.8216432865731463
116,50,qwen2.5-1.5b-2gpu-GRPO,42,0.5580536072144289,0.5581945140280561,0.6652160127341297,0.7460959154905236,0.8090812444891206,0.858202011829269,0.8946321810650814,0.9219673978334813,0.9438877755511024
117,50,qwen2.5-1.5b-2gpu-GRPO,43,0.5539203406813628,0.5544056863727455,0.6582853206412825,0.7363745956479889,0.7965647957272233,0.8442543397997188,0.8809205638425659,0.9084385281982136,0.93186372745491
118,50,qwen2.5-1.5b-2gpu-GRPO,44,0.5534819639278558,0.554436998997996,0.6554960314329447,0.7321245451157282,0.7916766641385327,0.8392903373208357,0.8757438821648731,0.9010014492500664,0.9198396793587176
138,50,qwen2.5-1.5b-2gpu-PPO,42,0.4738852705410821,0.4726327655310621,0.5579623814558251,0.6222696619335409,0.6735250791717742,0.7137079400514037,0.7469171786633375,0.7758859388103573,0.8016032064128257
148,50,qwen2.5-1.5b-2gpu-PPO,42+1,0.4991232464929859,0.5008297845691383,0.5926619479115711,0.6619557857747742,0.715268966580728,0.7567051536766258,0.7913510056675647,0.8224507220205101,0.8537074148296593
136,50,qwen2.5-1.5b-2gpu-PPO,43,0.501002004008016,0.4996399048096192,0.5882266501506951,0.6554590859634529,0.7066776484385353,0.745702839701656,0.7781707929345167,0.8051438113629547,0.8236472945891784
137,50,qwen2.5-1.5b-2gpu-PPO,44,0.4874123246492986,0.4872557615230461,0.5746221774257175,0.6403887630904854,0.6914661434043403,0.7320986574311387,0.7665741898978677,0.7973787004231545,0.8256513026052105
149,50,qwen2.5-1.5b-2gpu-PPO-2,42+1,0.5198522044088176,0.5182552605210421,0.6126596204219462,0.685355424196725,0.7427939799221365,0.7892185282210277,0.8273160923147678,0.8575075196153477,0.8797595190380761
151,50,qwen2.5-1.5b-2gpu-PPO-8,42+1,0.5349448897795591,0.5316727204408818,0.6285723513957047,0.702289505708079,0.7606604951463803,0.8083795136708654,0.8464553691515357,0.8758531896260285,0.9018036072144288
140,50,qwen2.5-1.5b-2gpu-PPO-C51,42,0.5068261523046093,0.507561998997996,0.5995632998280024,0.6693322428509062,0.7231780784236417,0.7663307740391007,0.8021257201145526,0.8307076356030104,0.8517034068136272
141,50,qwen2.5-1.5b-2gpu-PPO-C51,43,0.5041332665330661,0.5088301603206413,0.6056872603474666,0.6785562564949923,0.7352126788040072,0.7811765793337538,0.8190338766663269,0.8484016953244874,0.8717434869739479
139,50,qwen2.5-1.5b-2gpu-PPO-C51,44,0.5170966933867736,0.5156093436873748,0.609851592949679,0.682040621738415,0.7386198452702978,0.7850879595372763,0.8243474461110981,0.856644200302792,0.8837675350701403
142,50,qwen2.5-1.5b-2gpu-PPO-QRDQN,42,0.5139028056112225,0.5095660070140281,0.6033536068199391,0.6741870441295038,0.7283621330541433,0.7709829917664577,0.8060684809972095,0.8336133930623807,0.8537074148296593
143,50,qwen2.5-1.5b-2gpu-PPO-QRDQN,43,0.5047595190380761,0.5035383266533067,0.597662845375791,0.6698305234390791,0.7272491246356354,0.773381272646472,0.8108422250145725,0.8416205913361052,0.8697394789579158
144,50,qwen2.5-1.5b-2gpu-PPO-QRDQN,44,0.5020040080160321,0.5034600450901804,0.5967441773310401,0.6658847005972951,0.7179327394723792,0.7587028536616797,0.7943888556193434,0.8279795077462813,0.8577154308617234
145,50,qwen2.5-1.5b-2gpu-PPO-iqn,42,0.5040706412825652,0.5069200901803608,0.6000788486421662,0.6710759298875216,0.7259818924378934,0.7699950079734329,0.8077364225806695,0.8409173253264095,0.8697394789579158
146,50,qwen2.5-1.5b-2gpu-PPO-iqn,43,0.5155936873747495,0.5139810871743486,0.6066367479052593,0.6782709556721241,0.7345384669971067,0.7799541877256804,0.8199137441233852,0.8551440152607191,0.8817635270541082
147,50,qwen2.5-1.5b-2gpu-PPO-iqn,44,0.4983717434869739,0.4992641533066132,0.592201381108674,0.6624267663561092,0.7157579120984464,0.7567591945081213,0.7913986224747943,0.8217835329904729,0.8476953907815631
131,50,qwen2.5-1.5b-2gpu-PPO-reweight-baseline1-v1-cvarupper25-iqn-1,42,0.5137149298597194,0.5132765531062125,0.6090682842062077,0.6827165282946847,0.7404594276476903,0.7870517009088848,0.8262833673469805,0.860279221770059,0.8897795591182365
114,50,qwen2.5-1.5b-2gpu-PPO-reweight-baseline1-v1-cvarupper25-iqn-1,43,0.5142785571142284,0.5138401803607214,0.6077378674672179,0.679346931019895,0.7356145048242412,0.7810614389379843,0.8190063527808219,0.8504780496671356,0.875751503006012
115,50,qwen2.5-1.5b-2gpu-PPO-reweight-baseline1-v1-cvarupper25-iqn-1,44,0.5167835671342685,0.5155780310621243,0.6110784561248482,0.6831117767969385,0.738810735102009,0.784105127497075,0.8220335273717057,0.8522913846353055,0.8777555110220441
128,50,qwen2.5-1.5b-2gpu-PPO-reweight-baseline1-v3-cvarupper25-iqn-1,42,0.5086422845691383,0.5099574148296593,0.6020286143152447,0.6719368066842346,0.7266750269041744,0.7710985591814485,0.8079464128565577,0.8364220932555958,0.8597194388777555
129,50,qwen2.5-1.5b-2gpu-PPO-reweight-baseline1-v3-cvarupper25-iqn-1,43,0.502567635270541,0.5006419088176353,0.592701643444369,0.6611491460611512,0.7130490108260825,0.7539482529238798,0.7889403686038587,0.8192694709588402,0.843687374749499
130,50,qwen2.5-1.5b-2gpu-PPO-reweight-baseline1-v3-cvarupper25-iqn-1,44,0.5025050100200401,0.5027241983967936,0.5961258146213687,0.6654983151529906,0.7177634239806321,0.7593373623995192,0.7955612553557534,0.8277697419908749,0.8597194388777555
125,50,qwen2.5-1.5b-2gpu-PPO-reweight-baseline1-v3-cvarupper25-iqn-8,42,0.5430235470941884,0.5419902304609219,0.6419573891878244,0.7177828912418012,0.7770129699251023,0.8257927183007144,0.8651078877923822,0.893788059959005,0.9138276553106212
126,50,qwen2.5-1.5b-2gpu-PPO-reweight-baseline1-v3-cvarupper25-iqn-8,43,0.5396417835671342,0.5395321893787575,0.6391266785539584,0.7149532334259822,0.7731756101324041,0.8190745245416421,0.8557382644449907,0.8858096817500866,0.9138276553106212
127,50,qwen2.5-1.5b-2gpu-PPO-reweight-baseline1-v3-cvarupper25-iqn-8,44,0.5343186372745491,0.5403306613226453,0.6382790186672558,0.712987084029326,0.7722158108377557,0.8211000427103003,0.860924047064819,0.8930148256832293,0.9238476953907816
105,50,qwen2.5-1.5b-2gpu-PPO-risk-baseline1-v1-cvarlower25-iqn,42,0.5067009018036072,0.5052292084168337,0.5960289180723651,0.66571043793624,0.7206726727474894,0.7651952417262659,0.8037323852523783,0.8370037369257203,0.8657314629258517
106,50,qwen2.5-1.5b-2gpu-PPO-risk-baseline1-v1-cvarlower25-iqn,43,0.5151553106212425,0.5129477705410822,0.6069027819418364,0.6781311608969721,0.7330317763525058,0.7776710697951588,0.8164969395505784,0.8505241670567892,0.8817635270541082
107,50,qwen2.5-1.5b-2gpu-PPO-risk-baseline1-v1-cvarlower25-iqn,44,0.5011272545090181,0.5023171342685371,0.5939726401622142,0.6639446801364259,0.7190935855605758,0.7634372025109304,0.8017198754509897,0.8341354024709535,0.8557114228456913
111,50,qwen2.5-1.5b-2gpu-PPO-risk-baseline1-v1-cvarupper25-iqn,42,0.5064504008016032,0.5048691132264529,0.5979227155097596,0.6676901598472536,0.7219688534438979,0.7661220151878034,0.8045000676369718,0.8384257599703889,0.8677354709418837
112,50,qwen2.5-1.5b-2gpu-PPO-risk-baseline1-v1-cvarupper25-iqn,43,0.5108341683366734,0.5102079158316634,0.606207740283717,0.6797016751914028,0.7370243949538706,0.7830008920987271,0.822347521183067,0.8562936183642285,0.8817635270541082
113,50,qwen2.5-1.5b-2gpu-PPO-risk-baseline1-v1-cvarupper25-iqn,44,0.4978081162324649,0.499185871743487,0.5899791709403058,0.6587937295663693,0.7116487910775662,0.7523759716986903,0.7870312302162307,0.8186552618161798,0.845691382765531
119,50,qwen2.5-1.5b-2gpu-PPO-risk-baseline1-v3-cvarlower25-iqn-1,42,0.5053544589178356,0.5043211422845691,0.5972411111593264,0.6673645045058245,0.7211700843852749,0.763486947191168,0.7992358267003196,0.8304020094157611,0.8577154308617234
120,50,qwen2.5-1.5b-2gpu-PPO-risk-baseline1-v3-cvarlower25-iqn-1,43,0.5097069138276553,0.5127912074148296,0.6075904269168257,0.6799306780039268,0.7368657893009156,0.7840376884656631,0.8250021143972422,0.8595374314364789,0.8877755511022044
121,50,qwen2.5-1.5b-2gpu-PPO-risk-baseline1-v3-cvarlower25-iqn-1,44,0.5110220440881763,0.5105210420841684,0.601157285042526,0.669936323340344,0.7236021586337306,0.7673413660892404,0.8066145987097245,0.8413588979211506,0.8717434869739479
102,50,qwen2.5-1.5b-2gpu-PPO-risk-baseline1-v3-cvarlower25-iqn-8,42,0.5406437875751503,0.541630135270541,0.6416442629353194,0.7181785190177882,0.7783788743631684,0.826836890998916,0.8644340941972122,0.8933173096561294,0.9178356713426854
103,50,qwen2.5-1.5b-2gpu-PPO-risk-baseline1-v3-cvarlower25-iqn-8,43,0.5442760521042084,0.5431174849699398,0.6435306636895839,0.719827867395834,0.7793660817460241,0.8272632519591194,0.8646263255014864,0.8913446045872356,0.9098196392785572
104,50,qwen2.5-1.5b-2gpu-PPO-risk-baseline1-v3-cvarlower25-iqn-8,44,0.5405185370741483,0.539125125250501,0.6372932873621259,0.7126412617135284,0.7717107479709137,0.8198284695041085,0.8587512607531415,0.889479459053039,0.9118236472945892
122,50,qwen2.5-1.5b-2gpu-PPO-risk-baseline1-v3-cvarupper25-iqn-1,42,0.5082039078156313,0.5069044338677354,0.5990206298423619,0.6684869869097024,0.7217364092207366,0.7634114096791145,0.7984503194091457,0.8291715549285079,0.8597194388777555
123,50,qwen2.5-1.5b-2gpu-PPO-risk-baseline1-v3-cvarupper25-iqn-1,43,0.5050726452905812,0.5029277304609219,0.5933675914821769,0.6623433139244368,0.7162525253045254,0.7583352234855834,0.7931081283846203,0.8224958080733396,0.8496993987975952
124,50,qwen2.5-1.5b-2gpu-PPO-risk-baseline1-v3-cvarupper25-iqn-1,44,0.4812124248496994,0.483873997995992,0.5727564873842172,0.6410877632655638,0.6957487240643574,0.7406730302653716,0.7796126010780654,0.8130972850740273,0.8396793587174348
108,50,qwen2.5-1.5b-2gpu-PPO-risk-baseline1-v3-cvarupper25-iqn-8,42,0.531563126252505,0.5300131513026052,0.6267959146639737,0.702538675588898,0.763189418892625,0.8127544256285444,0.8530206545430487,0.8853516638538105,0.9138276553106212
109,50,qwen2.5-1.5b-2gpu-PPO-risk-baseline1-v3-cvarupper25-iqn-8,43,0.5404559118236473,0.5411604458917836,0.6389010797184921,0.7133383989576454,0.7710220405343368,0.8178981897027396,0.855608017886059,0.8845352700280019,0.9098196392785572
110,50,qwen2.5-1.5b-2gpu-PPO-risk-baseline1-v3-cvarupper25-iqn-8,44,0.5412074148296593,0.539939253507014,0.6397154545311095,0.7161186773622236,0.7752745259161028,0.822742460073389,0.8613174755819831,0.892304890567185,0.9198396793587176
134,50,qwen2.5-1.5b-2gpu-PPO-v2-iqn-8,42,0.5417084168336673,0.5439003006012024,0.6424009436195224,0.7174720964238187,0.7759519168236225,0.8223796297696967,0.8598562349151423,0.8905542582277444,0.9158316633266532
152,50,qwen2.5-1.5b-2gpu-PPO-v2-iqn-8,42+1,0.5448396793587175,0.5414579158316634,0.6427868039228062,0.7209158500728491,0.7817514746981223,0.8297318264507344,0.8667424198651885,0.8956728929375563,0.9198396793587176
135,50,qwen2.5-1.5b-2gpu-PPO-v2-iqn-8,43,0.5410195390781564,0.5417553857715431,0.6431650209868556,0.7204247031746283,0.7795866010605448,0.8255993837187957,0.8605207569967205,0.8850517869651412,0.9038076152304608
132,50,qwen2.5-1.5b-2gpu-PPO-v3-iqn-8,42,0.5354458917835672,0.5372620240480962,0.6361472945891784,0.7122700526662624,0.7718462568288219,0.8199632915571042,0.8588342229639072,0.8891393051510096,0.9158316633266532
150,50,qwen2.5-1.5b-2gpu-PPO-v3-iqn-8,42+1,0.5379509018036072,0.5374812124248497,0.6377346227888849,0.7135115290573649,0.7720391140637566,0.8195681426484716,0.8575078756619269,0.8870267042791339,0.9118236472945892
133,50,qwen2.5-1.5b-2gpu-PPO-v3-iqn-8,43,0.5368236472945892,0.5364322394789579,0.6323781914222145,0.7069051952799488,0.7658585585482414,0.8127839939171771,0.8498288120197784,0.8789116148384934,0.9018036072144288
167,75,qwen2.5-1.5b-2gpu-GRPO,42,0.5869864729458918,0.5900394539078156,0.6902355399775931,0.7640778983914586,0.8201249002162844,0.863172948348967,0.895988410604673,0.9228619135709968,0.9478957915831664
168,75,qwen2.5-1.5b-2gpu-GRPO,43,0.5804734468937875,0.5808805110220441,0.6854501325485617,0.7622866377674734,0.8200251868789828,0.864189884040127,0.8973729323664654,0.9252353860314528,0.9539078156312624
169,75,qwen2.5-1.5b-2gpu-GRPO,44,0.5860470941883767,0.5908222695390781,0.6920149353825762,0.7667524326868962,0.8239010107799701,0.8670854743261656,0.8977987022133564,0.9194223756994672,0.937875751503006
189,75,qwen2.5-1.5b-2gpu-PPO,42,0.5070766533066132,0.5056206162324649,0.5953632165906616,0.6630461034555049,0.7160595804868852,0.7602695511837168,0.8014009236144026,0.8404925594759988,0.87374749498998
199,75,qwen2.5-1.5b-2gpu-PPO,42+1,0.5224198396793587,0.5212769288577155,0.621026008710334,0.6958461726602811,0.7543475340474118,0.8024337485122658,0.8410189138550416,0.8687304920037255,0.8857715430861723
187,75,qwen2.5-1.5b-2gpu-PPO,43,0.5305611222444889,0.5261460420841684,0.6229696104808041,0.697507854479112,0.7559241250626714,0.8029060774931663,0.840422906024627,0.8688002321237945,0.8917835671342685
188,75,qwen2.5-1.5b-2gpu-PPO,44,0.5217935871743486,0.5194138276553106,0.6122308593565082,0.6836448277131691,0.7397230201636034,0.7855409546601647,0.8248731074738247,0.8579057462014522,0.8837675350701403
200,75,qwen2.5-1.5b-2gpu-PPO-2,42+1,0.5404559118236473,0.5412543837675351,0.6410900048127752,0.7172411241680963,0.7763523215432362,0.8243438849465975,0.8634938348866485,0.893784003421065,0.9198396793587176
202,75,qwen2.5-1.5b-2gpu-PPO-8,42+1,0.561623246492986,0.5601828657314629,0.6631964716835246,0.7405668094719623,0.8008373332843058,0.8484604349497998,0.884393516030515,0.9104357282945968,0.93186372745491
191,75,qwen2.5-1.5b-2gpu-PPO-C51,42,0.5331287575150301,0.5321580661322646,0.6300558794754865,0.7049729851529081,0.7634458055013774,0.8110859599965338,0.8514441870364629,0.8844560680191805,0.9118236472945892
192,75,qwen2.5-1.5b-2gpu-PPO-C51,43,0.5255511022044088,0.525566758517034,0.6269591348050432,0.7047214956722593,0.7659706461464912,0.814880884249705,0.8528193892597639,0.8800787201353373,0.9018036072144288
190,75,qwen2.5-1.5b-2gpu-PPO-C51,44,0.5316257515030061,0.5338646042084169,0.6283191382765531,0.7026210005312462,0.7629928818724241,0.8122729011629988,0.8515755906795355,0.8816477279747581,0.9038076152304608
193,75,qwen2.5-1.5b-2gpu-PPO-QRDQN,42,0.5265531062124249,0.5287449899799599,0.6272219636122639,0.7028951485648463,0.7629782652345051,0.8115584147561034,0.8505080108231975,0.8818335221840988,0.9098196392785572
194,75,qwen2.5-1.5b-2gpu-PPO-QRDQN,43,0.5160946893787575,0.5193512024048096,0.6179018963123096,0.6933180228097742,0.7535320403065605,0.8026923567924857,0.8417842000184228,0.8706942531879194,0.8957915831663327
195,75,qwen2.5-1.5b-2gpu-PPO-QRDQN,44,0.5284318637274549,0.528682364729459,0.6271504623420069,0.7017860082745169,0.7600987516055746,0.8071236239077664,0.8447948340493483,0.8732300409518029,0.8937875751503006
196,75,qwen2.5-1.5b-2gpu-PPO-iqn,42,0.5237975951903807,0.5236566883767535,0.6196208854717309,0.6941943718708509,0.7535128173654477,0.8017613312092368,0.8412660803204691,0.8711299003266397,0.8917835671342685
197,75,qwen2.5-1.5b-2gpu-PPO-iqn,43,0.5200400801603207,0.5212456162324649,0.6158081418742998,0.6894920698164233,0.7479501803802188,0.7958921239667457,0.8368147301674316,0.869971957323266,0.8957915831663327
198,75,qwen2.5-1.5b-2gpu-PPO-iqn,44,0.5232965931863728,0.5249718186372746,0.6247307607340665,0.7006575317864826,0.7590523560238976,0.8051908794216825,0.8425201522075172,0.8728404585544381,0.9018036072144288
182,75,qwen2.5-1.5b-2gpu-PPO-reweight-baseline1-v1-cvarupper25-iqn-1,42,0.5255511022044088,0.5275551102204409,0.6299116441544506,0.7078223255660175,0.7686506652520187,0.8170876992177232,0.8539726998010225,0.8810541752114353,0.905811623246493
165,75,qwen2.5-1.5b-2gpu-PPO-reweight-baseline1-v1-cvarupper25-iqn-1,43,0.5249248496993988,0.5268505761523046,0.6243870615246241,0.6982676081446733,0.7561584229209515,0.804069509654612,0.8449620730088117,0.8774148225274475,0.8997995991983968
166,75,qwen2.5-1.5b-2gpu-PPO-reweight-baseline1-v1-cvarupper25-iqn-1,44,0.529433867735471,0.5305141533066132,0.6304920372240546,0.7070713235620096,0.7682452587772516,0.818569247011441,0.8591004668542358,0.8900088223538376,0.9158316633266532
179,75,qwen2.5-1.5b-2gpu-PPO-reweight-baseline1-v3-cvarupper25-iqn-1,42,0.529308617234469,0.5305141533066132,0.6282685942751646,0.7033600169968734,0.7628544675057358,0.8117369475855003,0.8510845590734083,0.8808748852241117,0.905811623246493
180,75,qwen2.5-1.5b-2gpu-PPO-reweight-baseline1-v3-cvarupper25-iqn-1,43,0.5230460921843687,0.523186998997996,0.6212797149416944,0.6972244556604773,0.7574627697979619,0.8060303217476901,0.8459869792599902,0.8786629502029557,0.9078156312625252
181,75,qwen2.5-1.5b-2gpu-PPO-reweight-baseline1-v3-cvarupper25-iqn-1,44,0.530373246492986,0.5308742484969939,0.6315556802581541,0.7077183448261353,0.7663858382002731,0.8133647614988394,0.8506498329486833,0.8784583503834403,0.8997995991983968
176,75,qwen2.5-1.5b-2gpu-PPO-reweight-baseline1-v3-cvarupper25-iqn-8,42,0.5657565130260521,0.563376753507014,0.668272322203462,0.747280114033842,0.8075934191163713,0.8535967494151566,0.8880315439578745,0.9151803947703844,0.939879759519038
177,75,qwen2.5-1.5b-2gpu-PPO-reweight-baseline1-v3-cvarupper25-iqn-8,43,0.5707665330661322,0.5665236723446894,0.6677086949489531,0.7434295176404552,0.801734709142515,0.847779174219973,0.8837459847268259,0.9129551288878476,0.939879759519038
178,75,qwen2.5-1.5b-2gpu-PPO-reweight-baseline1-v3-cvarupper25-iqn-8,44,0.5659443887775552,0.5639560370741483,0.6653930400170419,0.7425859059701705,0.8024316708394937,0.8495341828067985,0.8863548018169959,0.9152401353888516,0.935871743486974
156,75,qwen2.5-1.5b-2gpu-PPO-risk-baseline1-v1-cvarlower25-iqn,42,0.5220440881763527,0.52281124749499,0.621506300001578,0.6975958427916952,0.7568985189808936,0.8057797765584012,0.8466548790506344,0.8786717014223464,0.8997995991983968
157,75,qwen2.5-1.5b-2gpu-PPO-risk-baseline1-v1-cvarlower25-iqn,43,0.5237349699398798,0.5252379759519038,0.621385487510454,0.6954800946099172,0.7534464388714817,0.8007867872865506,0.8395492858742434,0.8704730569696312,0.8977955911823647
158,75,qwen2.5-1.5b-2gpu-PPO-risk-baseline1-v1-cvarlower25-iqn,44,0.5245490981963928,0.5233905310621243,0.6215620216811576,0.6971521302823119,0.7573608960070968,0.8056772247916838,0.8427173741278091,0.8708430482012197,0.8957915831663327
162,75,qwen2.5-1.5b-2gpu-PPO-risk-baseline1-v1-cvarupper25-iqn,42,0.5290581162324649,0.5270384519038076,0.6267636158143058,0.7023387534348787,0.7604617596363337,0.8075064399579583,0.846763012752328,0.8786187336457583,0.905811623246493
163,75,qwen2.5-1.5b-2gpu-PPO-risk-baseline1-v1-cvarupper25-iqn,43,0.5278056112224448,0.5287763026052105,0.6294111352626512,0.7063631287697254,0.7664312493137151,0.8144228003875449,0.8523323365335851,0.8821693286722506,0.9078156312625252
164,75,qwen2.5-1.5b-2gpu-PPO-risk-baseline1-v1-cvarupper25-iqn,44,0.5073271543086172,0.5043681112224448,0.5958232902813502,0.6650775504890547,0.7187466951452063,0.7608405183847199,0.7946841247637721,0.8223686181605186,0.845691382765531
170,75,qwen2.5-1.5b-2gpu-PPO-risk-baseline1-v3-cvarlower25-iqn-1,42,0.5232339679358717,0.5239150175350702,0.6212288011061493,0.6963275031502826,0.754953278052358,0.8018072693726408,0.8403471855168476,0.8714492999546477,0.8967935871743486
171,75,qwen2.5-1.5b-2gpu-PPO-risk-baseline1-v3-cvarlower25-iqn-1,43,0.5243612224448898,0.5265687625250501,0.6225948452022155,0.6961356082994635,0.7539711228489152,0.8015422083048863,0.8408977784575472,0.8720595530407376,0.8977955911823647
172,75,qwen2.5-1.5b-2gpu-PPO-risk-baseline1-v3-cvarlower25-iqn-1,44,0.5354458917835672,0.5327060370741483,0.6287604737033121,0.7025967884400222,0.7602058075902113,0.8073578003581564,0.8465347227066182,0.8778009086645008,0.905811623246493
153,75,qwen2.5-1.5b-2gpu-PPO-risk-baseline1-v3-cvarlower25-iqn-8,42,0.5639403807615231,0.5696236222444889,0.6739539610717499,0.7524529349287251,0.8128271732409628,0.8600328397406968,0.8950234543627176,0.9203421748997496,0.9418837675350702
154,75,qwen2.5-1.5b-2gpu-PPO-risk-baseline1-v3-cvarlower25-iqn-8,43,0.5755260521042084,0.5738195140280561,0.675986816151989,0.7513988969690412,0.8089124666579857,0.8540040259325282,0.8876301842773031,0.9108292601119112,0.9278557114228456
155,75,qwen2.5-1.5b-2gpu-PPO-risk-baseline1-v3-cvarlower25-iqn-8,44,0.5730210420841684,0.5707665330661322,0.6746327300269831,0.7517298644908866,0.8102087302783961,0.8556415797706971,0.8901522431776275,0.916811495708428,0.937875751503006
173,75,qwen2.5-1.5b-2gpu-PPO-risk-baseline1-v3-cvarupper25-iqn-1,42,0.530686372745491,0.533191382765531,0.6300132252694364,0.7039057866388947,0.7619687996942347,0.8089816420700856,0.8456623776274971,0.8723455923051644,0.8937875751503006
174,75,qwen2.5-1.5b-2gpu-PPO-risk-baseline1-v3-cvarupper25-iqn-1,43,0.5274924849699398,0.5258798847695391,0.6185966914143247,0.6901231527547034,0.7473531081111,0.7953512236459869,0.8360434628107897,0.867615099027074,0.8917835671342685
175,75,qwen2.5-1.5b-2gpu-PPO-risk-baseline1-v3-cvarupper25-iqn-1,44,0.5155936873747495,0.5128538326653307,0.6094714034367948,0.6832364759515281,0.739958973588236,0.7847311708929189,0.8211984981772847,0.8513666883493896,0.8797595190380761
159,75,qwen2.5-1.5b-2gpu-PPO-risk-baseline1-v3-cvarupper25-iqn-8,42,0.5543587174348698,0.5554076903807615,0.6576386039796128,0.7359083004779714,0.7972744948558483,0.846112270276265,0.8846735256096335,0.9150216725514704,0.9418837675350702
160,75,qwen2.5-1.5b-2gpu-PPO-risk-baseline1-v3-cvarupper25-iqn-8,43,0.5667585170340681,0.5681362725450901,0.6682496390418633,0.7438841261450535,0.8032094177731203,0.8504765991958666,0.8859684781439416,0.910749789396398,0.93186372745491
161,75,qwen2.5-1.5b-2gpu-PPO-risk-baseline1-v3-cvarupper25-iqn-8,44,0.5659443887775552,0.5657095440881763,0.6699595056254242,0.7496858910922707,0.8120185224101648,0.8594063704966264,0.8935765984611536,0.9183214018053104,0.935871743486974
185,75,qwen2.5-1.5b-2gpu-PPO-v2-iqn-8,42,0.5752755511022044,0.5730366983967936,0.6737860563646979,0.7491694213323535,0.807090869126755,0.8532188771521478,0.8878548657159965,0.9120194471475036,0.93186372745491
203,75,qwen2.5-1.5b-2gpu-PPO-v2-iqn-8,42+1,0.563502004008016,0.5647231963927856,0.6685893933536363,0.7462467460229796,0.8064389924844567,0.854828910834354,0.8921831116564558,0.9208030522969674,0.9458917835671342
186,75,qwen2.5-1.5b-2gpu-PPO-v2-iqn-8,43,0.5767159318637275,0.576935120240481,0.6797334827134585,0.7561068407906927,0.8149921510925501,0.8601709774050675,0.8927835668667004,0.9159895161347792,0.933867735470942
183,75,qwen2.5-1.5b-2gpu-PPO-v3-iqn-8,42,0.5707039078156313,0.5701402805611222,0.6734933942688527,0.7496017084788249,0.8083578541860262,0.8553174715875823,0.8916844549463561,0.9185987458741384,0.935871743486974
201,75,qwen2.5-1.5b-2gpu-PPO-v3-iqn-8,42+1,0.5613727454909819,0.5604646793587175,0.6634321793192685,0.7402839858569783,0.7986293475101827,0.8443466007609266,0.8801213393900088,0.9092077409283664,0.935871743486974
184,75,qwen2.5-1.5b-2gpu-PPO-v3-iqn-8,43,0.565506012024048,0.5671186122244489,0.6662737384217253,0.7409034901448943,0.7994375741541015,0.8469865137493515,0.883567036661905,0.9087684435498092,0.9258517034068136
218,100,qwen2.5-1.5b-2gpu-GRPO,42,0.625751503006012,0.6239823396793587,0.7185241546084294,0.785296644845747,0.8345730639152058,0.8731958906366853,0.9046734734603424,0.9319115192317784,0.9559118236472944
219,100,qwen2.5-1.5b-2gpu-GRPO,43,0.6130385771543087,0.6121148547094188,0.7098813769270825,0.7799825064452114,0.8328137279457973,0.8741606362309691,0.905597344570041,0.9289826445383425,0.9458917835671342
220,100,qwen2.5-1.5b-2gpu-GRPO,44,0.6136022044088176,0.6152930861723447,0.7131228500307701,0.7830217354468968,0.8350008419628158,0.8746453497724572,0.9051157312148754,0.92945202694022,0.9498997995991983
240,100,qwen2.5-1.5b-2gpu-PPO,42,0.5220440881763527,0.5214648046092184,0.612162070203399,0.6837634391392459,0.7413350652819825,0.7896709359010308,0.8311517324278795,0.8658250962041759,0.8957915831663327
250,100,qwen2.5-1.5b-2gpu-PPO,42+1,0.5388902805611222,0.5363383016032064,0.6380452834803465,0.7162298868453068,0.7783082503969513,0.8289011036239272,0.8693734715645953,0.9007158085294116,0.9238476953907816
238,100,qwen2.5-1.5b-2gpu-PPO,43,0.5351953907815631,0.5356024549098196,0.636139651349944,0.7132194225346079,0.7739800521192648,0.8237315524719945,0.8638774848411109,0.8960189218348172,0.9258517034068136
239,100,qwen2.5-1.5b-2gpu-PPO,44,0.5363226452905812,0.5360878006012024,0.6344334831079481,0.7101976177702237,0.7697459796529549,0.8165525712235171,0.8530593519759696,0.8823901613620198,0.9098196392785572
251,100,qwen2.5-1.5b-2gpu-PPO-2,42+1,0.5636272545090181,0.5632671593186372,0.6672340744481089,0.7450362723948083,0.805254616427217,0.8529660644010381,0.8889012125338331,0.914808903154964,0.933867735470942
253,100,qwen2.5-1.5b-2gpu-PPO-8,42+1,0.5887399799599199,0.5874248496993988,0.68929911989333,0.7651501351033526,0.8226943684849704,0.8667481381098172,0.8998681505975529,0.92650216428033,0.9498997995991983
242,100,qwen2.5-1.5b-2gpu-PPO-C51,42,0.5470315631262525,0.5479709418837675,0.6495762193678696,0.7271440994099185,0.7879938869426482,0.8368015922824112,0.873735799754704,0.9016687781757344,0.9278557114228456
243,100,qwen2.5-1.5b-2gpu-PPO-C51,43,0.533817635270541,0.5343029809619239,0.6391232267684976,0.7190739037129377,0.7818757571253876,0.8318905748636825,0.8711389088131279,0.9029907442381306,0.9278557114228456
241,100,qwen2.5-1.5b-2gpu-PPO-C51,44,0.5462800601202404,0.5482370991983968,0.6437577418616762,0.7174696120775483,0.7747654317763627,0.8200606519466347,0.8551549698866856,0.882295820012741,0.905811623246493
244,100,qwen2.5-1.5b-2gpu-PPO-QRDQN,42,0.5402054108216433,0.5409725701402806,0.6402884509175832,0.7163635961461731,0.7758093647728012,0.8236258769682347,0.8618175107380481,0.8917538613374993,0.9158316633266532
245,100,qwen2.5-1.5b-2gpu-PPO-QRDQN,43,0.530811623246493,0.5333479458917836,0.6390645464156659,0.720816517737387,0.785086741094868,0.8353365641793287,0.8732021233290574,0.900152531079095,0.9158316633266532
246,100,qwen2.5-1.5b-2gpu-PPO-QRDQN,44,0.5364478957915831,0.5378882765531062,0.6434063994129993,0.7239864665589145,0.7863047978100819,0.8357757841838287,0.8747843703572875,0.9044753639409794,0.9258517034068136
247,100,qwen2.5-1.5b-2gpu-PPO-iqn,42,0.529120741482966,0.5297626503006012,0.6258064850172786,0.7010899278872706,0.7607787394043641,0.8092429769354266,0.8478913034670617,0.8767246812244726,0.8977955911823647
248,100,qwen2.5-1.5b-2gpu-PPO-iqn,43,0.530686372745491,0.5322833166332666,0.6316148537231944,0.7082242422602986,0.767404083453109,0.8146034622626821,0.8530487292930631,0.8831881717233321,0.9078156312625252
249,100,qwen2.5-1.5b-2gpu-PPO-iqn,44,0.533066132264529,0.5372620240480962,0.6396158458649582,0.7175356117183749,0.7780535516112075,0.8266423292975177,0.8662821909116134,0.8979515883132276,0.9258517034068136
233,100,qwen2.5-1.5b-2gpu-PPO-reweight-baseline1-v1-cvarupper25-iqn-1,42,0.5407064128256514,0.5391407815631263,0.6477805512600003,0.7298711327792443,0.7929880860954347,0.8428219700018608,0.8813681955254922,0.911372631400338,0.937875751503006
216,100,qwen2.5-1.5b-2gpu-PPO-reweight-baseline1-v1-cvarupper25-iqn-1,43,0.5408316633266533,0.539250375751503,0.6433721281144967,0.7233057594378859,0.7852364224466244,0.8340115068129009,0.8726132367928433,0.9027473932919812,0.9278557114228456
217,100,qwen2.5-1.5b-2gpu-PPO-reweight-baseline1-v1-cvarupper25-iqn-1,44,0.5398922845691383,0.5435245490981964,0.647215937781074,0.7266569772465817,0.7882796170082149,0.8365943049118177,0.8732721970428727,0.9001446599024664,0.9238476953907816
230,100,qwen2.5-1.5b-2gpu-PPO-reweight-baseline1-v3-cvarupper25-iqn-1,42,0.5450275551102205,0.5439159569138277,0.6470887148312372,0.7241610857635782,0.7827752215659999,0.8291726699230592,0.8648311700001713,0.8917616337119916,0.9138276553106212
231,100,qwen2.5-1.5b-2gpu-PPO-reweight-baseline1-v3-cvarupper25-iqn-1,43,0.5349448897795591,0.5365888026052105,0.6381759582156439,0.7169521502697934,0.7789101294440928,0.8277183116048243,0.8635841098343281,0.8868865553446902,0.8997995991983968
232,100,qwen2.5-1.5b-2gpu-PPO-reweight-baseline1-v3-cvarupper25-iqn-1,44,0.5427104208416834,0.5464992484969939,0.6505668817950863,0.7294692876566782,0.789869588540323,0.8373675069004474,0.8736629865522457,0.9014866553269808,0.9258517034068136
227,100,qwen2.5-1.5b-2gpu-PPO-reweight-baseline1-v3-cvarupper25-iqn-8,42,0.590743987975952,0.5902116733466933,0.6930467726792168,0.7686851635404292,0.8253494915488335,0.8686936321632618,0.9008117508483529,0.9258458552298404,0.9519038076152304
228,100,qwen2.5-1.5b-2gpu-PPO-reweight-baseline1-v3-cvarupper25-iqn-8,43,0.5856713426853707,0.5876753507014028,0.6869247846085874,0.7600858005850472,0.8157805706569221,0.8591104076749809,0.8929985883873263,0.9199033975470212,0.9438877755511024
229,100,qwen2.5-1.5b-2gpu-PPO-reweight-baseline1-v3-cvarupper25-iqn-8,44,0.5965681362725451,0.5966464178356713,0.6965150773988923,0.770137070541533,0.8260249395881443,0.8686840459298355,0.9006258274920278,0.9272565181117036,0.9539078156312624
207,100,qwen2.5-1.5b-2gpu-PPO-risk-baseline1-v1-cvarlower25-iqn,42,0.5401427855711423,0.5413796342685371,0.6439609040916479,0.7214023883913309,0.7816061498348592,0.8300072313486699,0.8677850544834436,0.8962671676334579,0.9218436873747496
208,100,qwen2.5-1.5b-2gpu-PPO-risk-baseline1-v1-cvarlower25-iqn,43,0.5385145290581163,0.5385458416833667,0.6376167689710129,0.7139140010429559,0.7736723734645844,0.8219632647750743,0.8622307971227429,0.8981157706743983,0.9298597194388778
209,100,qwen2.5-1.5b-2gpu-PPO-risk-baseline1-v1-cvarlower25-iqn,44,0.531813627254509,0.5313595941883767,0.632287951888028,0.7102856013865001,0.77119664947009,0.8193975684108941,0.8574106756715935,0.8866674830321633,0.9098196392785572
213,100,qwen2.5-1.5b-2gpu-PPO-risk-baseline1-v1-cvarupper25-iqn,42,0.5380135270541082,0.5386397795591182,0.6417889913685638,0.7199668823962135,0.779749215664082,0.826970889446314,0.8638677583594341,0.891763527975745,0.9118236472945892
214,100,qwen2.5-1.5b-2gpu-PPO-risk-baseline1-v1-cvarupper25-iqn,43,0.5359468937875751,0.5341151052104208,0.6383014552727502,0.7175218496610769,0.7792238484543538,0.8286025084533122,0.867299843274112,0.8972500798245493,0.9218436873747496
215,100,qwen2.5-1.5b-2gpu-PPO-risk-baseline1-v1-cvarupper25-iqn,44,0.5395791583166333,0.5393443136272545,0.6366132856263709,0.7106201195041,0.7684657376012,0.815913719975253,0.854510808442172,0.883774477452951,0.9098196392785572
221,100,qwen2.5-1.5b-2gpu-PPO-risk-baseline1-v3-cvarlower25-iqn-1,42,0.5445891783567134,0.5427573897795591,0.642483046802266,0.7196092657756459,0.7801169777129884,0.8276301222476448,0.8639198634822902,0.8915561596020809,0.9158316633266532
222,100,qwen2.5-1.5b-2gpu-PPO-risk-baseline1-v3-cvarlower25-iqn-1,43,0.5400175350701403,0.540690756513026,0.6412872496962428,0.7175956034679032,0.7774370183908632,0.8260095808518926,0.8643004595082467,0.8932760566104018,0.9138276553106212
223,100,qwen2.5-1.5b-2gpu-PPO-risk-baseline1-v3-cvarlower25-iqn-1,44,0.5450901803607214,0.5463426853707415,0.6450457509507204,0.7213696801176406,0.7809462842981321,0.8276424142923442,0.8627556599132735,0.8884148833605342,0.9078156312625252
204,100,qwen2.5-1.5b-2gpu-PPO-risk-baseline1-v3-cvarlower25-iqn-8,42,0.592372244488978,0.5932959669338678,0.6955175114007544,0.7702935204867929,0.826717527346526,0.870048338017333,0.9024882941549822,0.9264506631885048,0.9418837675350702
205,100,qwen2.5-1.5b-2gpu-PPO-risk-baseline1-v3-cvarlower25-iqn-8,43,0.6050851703406813,0.603691758517034,0.7023000232748962,0.7746547930882387,0.8296260143210697,0.8711144490887985,0.9007638186954756,0.9221249317569448,0.937875751503006
206,100,qwen2.5-1.5b-2gpu-PPO-risk-baseline1-v3-cvarlower25-iqn-8,44,0.5963802605210421,0.5936090931863728,0.695800311252426,0.769870478489788,0.8258071365078584,0.8683363185615451,0.9001628644591241,0.9240140769146018,0.9438877755511024
224,100,qwen2.5-1.5b-2gpu-PPO-risk-baseline1-v3-cvarupper25-iqn-1,42,0.5482214428857716,0.5498496993987976,0.6493962334117053,0.7265966045326498,0.7867611595981464,0.8334183869453855,0.8687784065910948,0.8942853185728622,0.9138276553106212
225,100,qwen2.5-1.5b-2gpu-PPO-risk-baseline1-v3-cvarupper25-iqn-1,43,0.53062374749499,0.5297783066132264,0.6221697824783425,0.6948573575722875,0.7538052503945276,0.8028109503092811,0.842428015460227,0.8708603912435289,0.8917835671342685
226,100,qwen2.5-1.5b-2gpu-PPO-risk-baseline1-v3-cvarupper25-iqn-1,44,0.5219188376753507,0.5254571643286573,0.62730308057059,0.7052292068200894,0.7667454103174152,0.8162125023042093,0.8557022876421663,0.888745465014074,0.9178356713426854
210,100,qwen2.5-1.5b-2gpu-PPO-risk-baseline1-v3-cvarupper25-iqn-8,42,0.5778431863727455,0.579189629258517,0.6828955647515503,0.7605900159899852,0.818836709742089,0.8626403474977574,0.8950394392473168,0.9187997684810244,0.937875751503006
211,100,qwen2.5-1.5b-2gpu-PPO-risk-baseline1-v3-cvarupper25-iqn-8,43,0.5849824649298597,0.5867516282565131,0.6877177090401275,0.7638128279431002,0.8225880460977418,0.868317159181497,0.9030920368736453,0.9297290815946746,0.9519038076152304
212,100,qwen2.5-1.5b-2gpu-PPO-risk-baseline1-v3-cvarupper25-iqn-8,44,0.6021417835671342,0.5984782064128257,0.6985960109194768,0.7716101283932694,0.827016805253407,0.868864730072282,0.9006490691243386,0.9271802880783976,0.9498997995991983
236,100,qwen2.5-1.5b-2gpu-PPO-v2-iqn-8,42,0.595440881763527,0.5940161573146293,0.6938466006816784,0.7669171766855797,0.8230806585857772,0.866689326679771,0.8986918805616472,0.9229679587642128,0.9438877755511024
254,100,qwen2.5-1.5b-2gpu-PPO-v2-iqn-8,42+1,0.5844188376753507,0.5814597945891784,0.6855909160841368,0.7620457617522258,0.8193984518885468,0.8625913704886599,0.8940817294784401,0.9169972036553988,0.933867735470942
237,100,qwen2.5-1.5b-2gpu-PPO-v2-iqn-8,43,0.6142910821643287,0.6137274549098196,0.7103064396509556,0.779718588282677,0.8324103079129439,0.8725723076408597,0.9024484542903574,0.9263983252065908,0.9478957915831664
234,100,qwen2.5-1.5b-2gpu-PPO-v3-iqn-8,42,0.5906187374749499,0.5938909068136272,0.6951528549224434,0.7693159353953501,0.8244919829012096,0.8658271156023113,0.8973181557137095,0.9231800103862604,0.9458917835671342
252,100,qwen2.5-1.5b-2gpu-PPO-v3-iqn-8,42+1,0.5866733466933868,0.5872839428857716,0.6872386505294054,0.7623470138627461,0.8210394543875366,0.8665670775873514,0.8995608629899446,0.9227988310965206,0.9418837675350702
235,100,qwen2.5-1.5b-2gpu-PPO-v3-iqn-8,43,0.592873246492986,0.594814629258517,0.6924229857352501,0.7654055501328867,0.8222314567239071,0.8675778037818189,0.9029376119067304,0.9321720826124896,0.9599198396793588
269,125,qwen2.5-1.5b-2gpu-GRPO,42,0.6369614228456913,0.6382608967935872,0.7289034269326053,0.7920651336418619,0.8398174277773509,0.8778151001260867,0.9072174447075758,0.9286576112345674,0.9438877755511024
270,125,qwen2.5-1.5b-2gpu-GRPO,43,0.6319514028056112,0.6353644789579158,0.727406091710981,0.7921386347873851,0.8398548830029664,0.8770377172982299,0.9071659024666012,0.9323723468962418,0.9539078156312624
271,125,qwen2.5-1.5b-2gpu-GRPO,44,0.6400926853707415,0.6382765531062125,0.729152202041879,0.7940399464095044,0.8430513807570942,0.8812074822319959,0.9107099865537216,0.932452126197761,0.9478957915831664
291,125,qwen2.5-1.5b-2gpu-PPO,42,0.5392660320641283,0.5365418336673347,0.6318194952897922,0.7056021916348632,0.7637952126966283,0.8110668944856063,0.8498181335192623,0.880118315583668,0.9078156312625252
301,125,qwen2.5-1.5b-2gpu-PPO,42+1,0.5427730460921844,0.5420215430861723,0.6493161026777965,0.731111718750587,0.7949416045606861,0.8459143933728042,0.8848021039244081,0.913131825919324,0.935871743486974
289,125,qwen2.5-1.5b-2gpu-PPO,43,0.5493486973947895,0.5495991983967936,0.6526702519211651,0.7317123604163707,0.7937288575276363,0.8436772535227394,0.8827686125849202,0.9134539052868236,0.939879759519038
290,125,qwen2.5-1.5b-2gpu-PPO,44,0.5477830661322646,0.5440568637274549,0.644435524592492,0.7212177482073258,0.7807544700402271,0.8284148228086251,0.8684339587299188,0.9031215990521154,0.93186372745491
302,125,qwen2.5-1.5b-2gpu-PPO-2,42+1,0.5818512024048096,0.5787042835671342,0.6796065063197261,0.754784105331022,0.8121073978881167,0.8566937179406127,0.8899788538178482,0.9162122256850768,0.937875751503006
304,125,qwen2.5-1.5b-2gpu-PPO-8,42+1,0.6132264529058116,0.6107370991983968,0.7054034249601565,0.7757207669933043,0.8292417693009653,0.870080037495693,0.9004298207537613,0.9249751305755248,0.9478957915831664
293,125,qwen2.5-1.5b-2gpu-PPO-C51,42,0.561998997995992,0.5617641533066132,0.6623258820791188,0.738681561848857,0.7987439191204327,0.8466337476072513,0.8839866279189514,0.913645538574362,0.939879759519038
294,125,qwen2.5-1.5b-2gpu-PPO-C51,43,0.5403932865731463,0.5449179609218436,0.6512742512584223,0.7329958073251865,0.7963768304676127,0.8438606660324433,0.8770532796777304,0.9008293591005346,0.9198396793587176
292,125,qwen2.5-1.5b-2gpu-PPO-C51,44,0.5568011022044088,0.5544839679358717,0.6536069185615325,0.7294870825265078,0.7884989320611916,0.8355980627961935,0.8725085553207875,0.9009314241888348,0.9218436873747496
295,125,qwen2.5-1.5b-2gpu-PPO-QRDQN,42,0.5559869739478958,0.5547970941883767,0.6592878177615072,0.737729809825876,0.7975882071972153,0.8443377454854682,0.8795667316795837,0.9047564003636956,0.9218436873747496
296,125,qwen2.5-1.5b-2gpu-PPO-QRDQN,43,0.5512274549098196,0.5481118486973948,0.6530820006154041,0.733163421518703,0.7956996573189355,0.8444988121214919,0.8810346533150858,0.9071631621256264,0.9258517034068136
297,125,qwen2.5-1.5b-2gpu-PPO-QRDQN,44,0.5457164328657315,0.546123496993988,0.6550973502122356,0.7362949147263407,0.7987342555357299,0.8480497134171789,0.8855430977949587,0.9137956017523756,0.935871743486974
298,125,qwen2.5-1.5b-2gpu-PPO-iqn,42,0.5438376753507014,0.54562249498998,0.6459052455304309,0.7220716925038678,0.781572224942041,0.8305799022505213,0.8701065233622283,0.9013861648820526,0.9278557114228456
299,125,qwen2.5-1.5b-2gpu-PPO-iqn,43,0.5441508016032064,0.5435088927855711,0.6462652174427596,0.7242659954329357,0.7846753430417314,0.8329925708968262,0.8713128029809429,0.9019440854867864,0.9298597194388778
300,125,qwen2.5-1.5b-2gpu-PPO-iqn,44,0.5490981963927856,0.5492391032064128,0.6593043370204976,0.7422163327404715,0.8054197998769952,0.8534372707581493,0.8883202830682965,0.9132174707753424,0.9298597194388778
284,125,qwen2.5-1.5b-2gpu-PPO-reweight-baseline1-v1-cvarupper25-iqn-1,42,0.5487224448897795,0.5485815380761523,0.6558949592097582,0.7360231402061717,0.7969400240622558,0.8444880756561802,0.8801280055830185,0.9062328675609582,0.9258517034068136
267,125,qwen2.5-1.5b-2gpu-PPO-reweight-baseline1-v1-cvarupper25-iqn-1,43,0.5400801603206413,0.5431644539078156,0.6500666194593911,0.7314903257959489,0.7947919209894188,0.8445200849399738,0.8820812092121042,0.9105648366922368,0.93186372745491
268,125,qwen2.5-1.5b-2gpu-PPO-reweight-baseline1-v1-cvarupper25-iqn-1,44,0.5566132264529058,0.5535289328657315,0.6640946755716156,0.7473765921419141,0.8112087940536574,0.859291674631467,0.8924812880111582,0.915868803516924,0.935871743486974
281,125,qwen2.5-1.5b-2gpu-PPO-reweight-baseline1-v3-cvarupper25-iqn-1,42,0.5566758517034068,0.5573803857715431,0.6599614090385495,0.7378808015355794,0.7986230409746999,0.846632114814521,0.883344240536476,0.9110556410859316,0.93186372745491
282,125,qwen2.5-1.5b-2gpu-PPO-reweight-baseline1-v3-cvarupper25-iqn-1,43,0.5468436873747495,0.5462330911823647,0.6482948672936425,0.7259603902217634,0.787273845343873,0.8361050969851336,0.8721136054065413,0.8975241343093707,0.9178356713426854
283,125,qwen2.5-1.5b-2gpu-PPO-reweight-baseline1-v3-cvarupper25-iqn-1,44,0.5689504008016032,0.5675883016032064,0.6705667733104004,0.7477257114529021,0.8069118105459893,0.8535891524346466,0.8894771867243513,0.9166294264766895,0.939879759519038
278,125,qwen2.5-1.5b-2gpu-PPO-reweight-baseline1-v3-cvarupper25-iqn-8,42,0.6102830661322646,0.6096724699398798,0.7092445225095861,0.7816616093078546,0.8361337973737699,0.8768947103523808,0.9062735165264578,0.928700440418638,0.9478957915831664
279,125,qwen2.5-1.5b-2gpu-PPO-reweight-baseline1-v3-cvarupper25-iqn-8,43,0.6072770541082164,0.6073866482965932,0.7054818298013349,0.777619723511515,0.8324112887445501,0.8733833626289303,0.9038454740127616,0.9282370255982028,0.9478957915831664
280,125,qwen2.5-1.5b-2gpu-PPO-reweight-baseline1-v3-cvarupper25-iqn-8,44,0.6190506012024048,0.6153400551102205,0.7141122796774652,0.7864491151406675,0.8412605719348987,0.8826655976960064,0.9135321405442756,0.9365228439583806,0.9539078156312624
258,125,qwen2.5-1.5b-2gpu-PPO-risk-baseline1-v1-cvarlower25-iqn,42,0.5429609218436874,0.5448240230460922,0.6511840117242359,0.7310817333955499,0.792603729660737,0.8423279049337721,0.8819614053311122,0.9113562246215406,0.93186372745491
259,125,qwen2.5-1.5b-2gpu-PPO-risk-baseline1-v1-cvarlower25-iqn,43,0.5455285571142284,0.5478456913827655,0.6484733739131808,0.724674534671142,0.7838786504123285,0.8310224764254371,0.8674643897292807,0.8956104111049877,0.9178356713426854
260,125,qwen2.5-1.5b-2gpu-PPO-risk-baseline1-v1-cvarlower25-iqn,44,0.5445265531062125,0.5437907064128257,0.6450699134489452,0.7217067787618732,0.7809965311021478,0.8279505502342394,0.8657299466046188,0.8982765122010662,0.9238476953907816
264,125,qwen2.5-1.5b-2gpu-PPO-risk-baseline1-v1-cvarupper25-iqn,42,0.5557364729458918,0.556002630260521,0.6605770596310733,0.7384998508452977,0.7983856873125543,0.846110052740074,0.8819692535626271,0.9082994879890256,0.9278557114228456
265,125,qwen2.5-1.5b-2gpu-PPO-risk-baseline1-v1-cvarupper25-iqn,43,0.5423972945891784,0.5413796342685371,0.6461993869629021,0.7256855709920027,0.7867715472161011,0.8363221495738277,0.877332109150954,0.9108010819392004,0.937875751503006
266,125,qwen2.5-1.5b-2gpu-PPO-risk-baseline1-v1-cvarupper25-iqn,44,0.5482214428857716,0.5510082665330661,0.6501203686901362,0.7257543820299016,0.7843944172506495,0.8313885291525746,0.8690753253540707,0.8987691864839614,0.9258517034068136
272,125,qwen2.5-1.5b-2gpu-PPO-risk-baseline1-v3-cvarlower25-iqn-1,42,0.5599949899799599,0.5602924599198397,0.6627285081974974,0.7401892428463976,0.8005285055462996,0.8480158308994428,0.8840142060758744,0.9101951780042938,0.9298597194388778
273,125,qwen2.5-1.5b-2gpu-PPO-risk-baseline1-v3-cvarlower25-iqn-1,43,0.5556738476953907,0.5536541833667334,0.6576008808956497,0.7359772969260605,0.7964238350941899,0.8439804174407772,0.8794584408671515,0.9045526953787414,0.9258517034068136
274,125,qwen2.5-1.5b-2gpu-PPO-risk-baseline1-v3-cvarlower25-iqn-1,44,0.5549849699398798,0.5560339428857716,0.6566615021381347,0.7342053349293262,0.7945820968329605,0.8424500049245538,0.8790375769857174,0.9057317630824068,0.9258517034068136
255,125,qwen2.5-1.5b-2gpu-PPO-risk-baseline1-v3-cvarlower25-iqn-8,42,0.6184243486973948,0.6158410571142284,0.71103476638316,0.780857508981217,0.8343508904815651,0.8756554078133214,0.9064415239902344,0.9283523063071052,0.9418837675350702
256,125,qwen2.5-1.5b-2gpu-PPO-risk-baseline1-v3-cvarlower25-iqn-8,43,0.6190506012024048,0.6209606713426854,0.7184514205576508,0.7879288830754873,0.8387532964943393,0.8768777945616729,0.9055926200914628,0.927510458572718,0.9438877755511024
257,125,qwen2.5-1.5b-2gpu-PPO-risk-baseline1-v3-cvarlower25-iqn-8,44,0.6112850701402806,0.609375,0.7080615463209884,0.7790009293051796,0.8315436400459643,0.8708948383437174,0.9004899538114309,0.9245920072343908,0.9438877755511024
275,125,qwen2.5-1.5b-2gpu-PPO-risk-baseline1-v3-cvarupper25-iqn-1,42,0.5566132264529058,0.5580849198396793,0.6590035385732095,0.7363556049106087,0.7978804017635931,0.8485254378112724,0.8885745148240964,0.917414388713982,0.939879759519038
276,125,qwen2.5-1.5b-2gpu-PPO-risk-baseline1-v3-cvarupper25-iqn-1,43,0.5403306613226453,0.5410351953907816,0.6353763136509238,0.7087869065840717,0.7661331478606199,0.8119073905286136,0.8484070617056909,0.877042685934896,0.9038076152304608
277,125,qwen2.5-1.5b-2gpu-PPO-risk-baseline1-v3-cvarupper25-iqn-1,44,0.5401427855711423,0.540753381763527,0.6437436881637291,0.721922831226758,0.7825369896718785,0.8301885218070466,0.8670888702480066,0.8956163110010116,0.9198396793587176
261,125,qwen2.5-1.5b-2gpu-PPO-risk-baseline1-v3-cvarupper25-iqn-8,42,0.5993236472945892,0.5994645541082164,0.6975222590850993,0.7715805548104082,0.8287928530833051,0.8720047234210826,0.9043332884553176,0.92940954441894,0.9498997995991983
262,125,qwen2.5-1.5b-2gpu-PPO-risk-baseline1-v3-cvarupper25-iqn-8,43,0.6115981963927856,0.6109719438877755,0.7067634284316665,0.7774980577953808,0.8311067425524008,0.8708719403707653,0.8995202238559092,0.9224168241611972,0.9418837675350702
263,125,qwen2.5-1.5b-2gpu-PPO-risk-baseline1-v3-cvarupper25-iqn-8,44,0.6194889779559118,0.6239197144288577,0.7184267649472174,0.787260689921275,0.8394538512263274,0.8794861586055072,0.9105579086885488,0.9347829026035682,0.9519038076152304
287,125,qwen2.5-1.5b-2gpu-PPO-v2-iqn-8,42,0.6187374749498998,0.6167178106212425,0.7130274328183926,0.7817837040785733,0.8321457448912997,0.8696304957564188,0.8991480652580373,0.9242220550117822,0.9498997995991983
305,125,qwen2.5-1.5b-2gpu-PPO-v2-iqn-8,42+1,0.6112224448897795,0.6088583416833667,0.7082587912044562,0.7818204722155222,0.8375825936843265,0.8792885058172717,0.9092005161059816,0.9320718234911622,0.9498997995991983
288,125,qwen2.5-1.5b-2gpu-PPO-v2-iqn-8,43,0.6328907815631263,0.6335013777555111,0.7253488275764127,0.79078966218902,0.8390978498473153,0.876010796997784,0.9060048692364524,0.9318354790621912,0.9519038076152304
285,125,qwen2.5-1.5b-2gpu-PPO-v3-iqn-8,42,0.6142284569138277,0.615246117234469,0.7117914470673631,0.7814852135842739,0.8336308553629257,0.8725658358000181,0.9012654679019596,0.9235986041983516,0.939879759519038
303,125,qwen2.5-1.5b-2gpu-PPO-v3-iqn-8,42+1,0.6117234468937875,0.6139153306613226,0.7100966204061667,0.7798395271983788,0.8322157712743963,0.872456839155716,0.9022005031753716,0.9257353519515,0.9458917835671342
286,125,qwen2.5-1.5b-2gpu-PPO-v3-iqn-8,43,0.6064629258517034,0.6086391533066132,0.7066246173449262,0.7786309056057372,0.8326942851056459,0.8733902332555891,0.9045699771255542,0.9293024935864922,0.9498997995991983
320,150,qwen2.5-1.5b-2gpu-GRPO,42,0.6482339679358717,0.6488289078156313,0.7368898722642134,0.7983679655899726,0.8435435086461314,0.8787471732624861,0.9062960231240464,0.9264337367682804,0.939879759519038
321,150,qwen2.5-1.5b-2gpu-GRPO,43,0.6417209418837675,0.6447739228456913,0.7331094275164501,0.7949776117664651,0.8413298678390965,0.8786606161035694,0.9090688583559856,0.932708842282284,0.9519038076152304
322,150,qwen2.5-1.5b-2gpu-GRPO,44,0.6392785571142284,0.6412042835671342,0.7311443753649031,0.7945893188702113,0.8425149064623569,0.8802739475871456,0.9104578877793792,0.9341071083301528,0.9519038076152304
342,150,qwen2.5-1.5b-2gpu-PPO,42,0.562562625250501,0.5602298346693386,0.6581139641487701,0.7314448570932641,0.7881746018938083,0.834827312956963,0.8728617791229272,0.901739012071743,0.9258517034068136
352,150,qwen2.5-1.5b-2gpu-PPO,42+1,0.5462800601202404,0.5508986723446894,0.6576280020671265,0.7384061195131169,0.8012121269630809,0.850265703507689,0.8870143874722735,0.9133034115887216,0.93186372745491
340,150,qwen2.5-1.5b-2gpu-PPO,43,0.560245490981964,0.5609030561122245,0.6636129049437457,0.7410666877436913,0.7999605576336373,0.8456938195243957,0.8818579458749691,0.9115160616288212,0.937875751503006
341,150,qwen2.5-1.5b-2gpu-PPO,44,0.560558617234469,0.5634550350701403,0.6641809702081328,0.7402435966796735,0.7995522129062846,0.8472567964910669,0.8842752991796076,0.9118567662691452,0.933867735470942
353,150,qwen2.5-1.5b-2gpu-PPO-2,42+1,0.5918712424849699,0.5912606462925851,0.6900664024900195,0.7633677399793963,0.8199127580819817,0.8635083147746733,0.8950155166357534,0.9185717042738284,0.939879759519038
355,150,qwen2.5-1.5b-2gpu-PPO-8,42+1,0.6308867735470942,0.6356932615230461,0.7256405034478406,0.7896483142512997,0.8379717046953449,0.8763948165848842,0.9076734547524956,0.9348217294527652,0.9579158316633266
344,150,qwen2.5-1.5b-2gpu-PPO-C51,42,0.5746492985971944,0.5755730210420842,0.6766983770690987,0.7519527837076477,0.8097563501504109,0.8549982320517358,0.8895514839877846,0.9160283261049608,0.937875751503006
345,150,qwen2.5-1.5b-2gpu-PPO-C51,43,0.5554233466933868,0.5555016282565131,0.6619281870828271,0.7427178139556203,0.8054627221734076,0.8538518036095966,0.8888979209132553,0.9140707355922532,0.935871743486974
343,150,qwen2.5-1.5b-2gpu-PPO-C51,44,0.5650050100200401,0.5661166082164328,0.6673894047938397,0.7434414468231552,0.8008369736393239,0.8456110673945728,0.8809172030927437,0.9098631486029288,0.935871743486974
346,150,qwen2.5-1.5b-2gpu-PPO-QRDQN,42,0.5677605210420842,0.5676509268537074,0.6705041480598993,0.7477727342574162,0.8071438220200371,0.8526594467449589,0.8854198279842657,0.9093457839772104,0.9298597194388778
347,150,qwen2.5-1.5b-2gpu-PPO-QRDQN,43,0.5482214428857716,0.5504289829659319,0.6577436368800593,0.7401280872581307,0.8044444934233681,0.8540202909047558,0.8902072444657969,0.915004963388696,0.933867735470942
348,150,qwen2.5-1.5b-2gpu-PPO-QRDQN,44,0.5603081162324649,0.5586485470941884,0.6671426021334007,0.7473446829917803,0.8084004191033833,0.855526022349196,0.8915070424333921,0.9191581532908644,0.9418837675350702
349,150,qwen2.5-1.5b-2gpu-PPO-iqn,42,0.5678857715430862,0.5675100200400801,0.6713905172549824,0.7480540278156612,0.8060971105570727,0.851504324065,0.8867473380368619,0.9135495857077542,0.93186372745491
350,150,qwen2.5-1.5b-2gpu-PPO-iqn,43,0.563439378757515,0.561497995991984,0.6624543378094772,0.7380144114625953,0.7962933404573901,0.8425239109808564,0.8788339762272751,0.9075459045949736,0.9298597194388778
351,150,qwen2.5-1.5b-2gpu-PPO-iqn,44,0.5551728456913828,0.5518380511022044,0.6614084468148896,0.7428072609410797,0.804830030853008,0.8538694565375216,0.8917272394622117,0.9198745672341428,0.9418837675350702
335,150,qwen2.5-1.5b-2gpu-PPO-reweight-baseline1-v1-cvarupper25-iqn-1,42,0.5466558116232465,0.5492077905811623,0.6573323812980292,0.7383199398421891,0.8015452820453912,0.8520127415423877,0.8894818326482917,0.916092021252436,0.937875751503006
318,150,qwen2.5-1.5b-2gpu-PPO-reweight-baseline1-v1-cvarupper25-iqn-1,43,0.5438376753507014,0.544620490981964,0.6577054206838875,0.7427839490379333,0.8073130705213352,0.8563806797777554,0.892100090607163,0.9191400872640746,0.9438877755511024
319,150,qwen2.5-1.5b-2gpu-PPO-reweight-baseline1-v1-cvarupper25-iqn-1,44,0.564003006012024,0.5639716933867736,0.6709541129503099,0.7509162254016846,0.8125926947392204,0.859782283618404,0.8932616296178748,0.916851066016474,0.935871743486974
332,150,qwen2.5-1.5b-2gpu-PPO-reweight-baseline1-v3-cvarupper25-iqn-1,42,0.5643787575150301,0.5647388527054108,0.6672037480472757,0.7449323179542436,0.806152625019288,0.8555468787000649,0.8939771503560469,0.922462030489532,0.9438877755511024
333,150,qwen2.5-1.5b-2gpu-PPO-reweight-baseline1-v3-cvarupper25-iqn-1,43,0.5576152304609219,0.5553450651302605,0.6584021882347372,0.7369718232866183,0.7980385887552263,0.8461725747992885,0.8833661101144639,0.9133140546698028,0.9418837675350702
334,150,qwen2.5-1.5b-2gpu-PPO-reweight-baseline1-v3-cvarupper25-iqn-1,44,0.5738977955911824,0.5750563627254509,0.6791333651555078,0.7553141293836266,0.8136291919314053,0.8601048853582287,0.8950244717144059,0.9200545732430264,0.9438877755511024
329,150,qwen2.5-1.5b-2gpu-PPO-reweight-baseline1-v3-cvarupper25-iqn-8,42,0.6297595190380761,0.6275832915831663,0.7205784600697459,0.7883870553254991,0.8392207922965669,0.8768290594523757,0.9055680354735164,0.9300325581139662,0.9519038076152304
330,150,qwen2.5-1.5b-2gpu-PPO-reweight-baseline1-v3-cvarupper25-iqn-8,43,0.6310746492985972,0.6309807114228457,0.7238556838085619,0.791394824143976,0.8428738973134001,0.8816014717047623,0.9099501425066966,0.9317082861654647,0.9498997995991983
331,150,qwen2.5-1.5b-2gpu-PPO-reweight-baseline1-v3-cvarupper25-iqn-8,44,0.6434118236472945,0.639873496993988,0.7327349087939657,0.7988532717854157,0.8476668621446839,0.8833687616145299,0.9096006714457467,0.9297057069501974,0.9458917835671342
309,150,qwen2.5-1.5b-2gpu-PPO-risk-baseline1-v1-cvarlower25-iqn,42,0.5576778557114228,0.5579283567134269,0.6650961864674231,0.7461695370493517,0.8082487552761574,0.8566500174823848,0.8924949059024794,0.918400021310692,0.9418837675350702
310,150,qwen2.5-1.5b-2gpu-PPO-risk-baseline1-v1-cvarlower25-iqn,43,0.5596818637274549,0.5586485470941884,0.6606421504426175,0.7376335167522897,0.7983670124175116,0.847422784378299,0.8852488537511632,0.9147381072114084,0.9418837675350702
311,150,qwen2.5-1.5b-2gpu-PPO-risk-baseline1-v1-cvarlower25-iqn,44,0.5495991983967936,0.5501471693386774,0.6519687998043331,0.7278619449247201,0.7861990677276953,0.8331227086017194,0.8708174416385778,0.9010521509306916,0.9258517034068136
315,150,qwen2.5-1.5b-2gpu-PPO-risk-baseline1-v1-cvarupper25-iqn,42,0.5568011022044088,0.5558617234468938,0.6652256284221987,0.7470004664371863,0.8090581210015172,0.8578183935834747,0.8941033562133764,0.9198064464062344,0.937875751503006
316,150,qwen2.5-1.5b-2gpu-PPO-risk-baseline1-v1-cvarupper25-iqn,43,0.5509143286573146,0.5542804358717435,0.6577263779527559,0.7346644860775169,0.79243310256671,0.8372814876802321,0.871269880889521,0.8957781489504506,0.9118236472945892
317,150,qwen2.5-1.5b-2gpu-PPO-risk-baseline1-v1-cvarupper25-iqn,44,0.5579909819639278,0.5583354208416834,0.6625586310416108,0.741204493539009,0.8022442154736276,0.8502860592191738,0.886106570126303,0.9132365924016098,0.935871743486974
323,150,qwen2.5-1.5b-2gpu-PPO-risk-baseline1-v3-cvarlower25-iqn-1,42,0.5766533066132264,0.574093499498998,0.6745452026099443,0.748966573191377,0.8062380273612566,0.851410034206004,0.8860975024848343,0.9128109164956142,0.934869739478958
324,150,qwen2.5-1.5b-2gpu-PPO-risk-baseline1-v3-cvarlower25-iqn-1,43,0.5621242484969939,0.5601202404809619,0.6602456882268474,0.7350647611308107,0.7928057090246782,0.8398352569283705,0.8777775352231072,0.9056271002938824,0.9278557114228456
325,150,qwen2.5-1.5b-2gpu-PPO-risk-baseline1-v3-cvarlower25-iqn-1,44,0.5663827655310621,0.5647858216432866,0.6675585422814132,0.744851796205835,0.8043986647955038,0.8499989963643432,0.8843953116574568,0.9123520902651951,0.939879759519038
306,150,qwen2.5-1.5b-2gpu-PPO-risk-baseline1-v3-cvarlower25-iqn-8,42,0.6429734468937875,0.6448208917835672,0.7331671216448646,0.7973227390288639,0.8452437577183619,0.8810900601042684,0.909023854366336,0.9309136602685386,0.9458917835671342
307,150,qwen2.5-1.5b-2gpu-PPO-risk-baseline1-v3-cvarlower25-iqn-8,43,0.6471693386773547,0.6477799348697395,0.7394350709292601,0.8038518589484932,0.8519155038986477,0.888680945110196,0.9171963927809498,0.9393799147131088,0.9559118236472944
308,150,qwen2.5-1.5b-2gpu-PPO-risk-baseline1-v3-cvarlower25-iqn-8,44,0.6281312625250501,0.6259550350701403,0.7205150951509318,0.7879468312327693,0.8378699750371477,0.8751485872187327,0.9024225357664458,0.9231892472385635,0.939879759519038
326,150,qwen2.5-1.5b-2gpu-PPO-risk-baseline1-v3-cvarupper25-iqn-1,42,0.5616858717434869,0.5651459168336673,0.6643619423887144,0.7400934101047991,0.7998788565082129,0.8485892452242061,0.8862477244771998,0.9132295344545376,0.935871743486974
327,150,qwen2.5-1.5b-2gpu-PPO-risk-baseline1-v3-cvarupper25-iqn-1,43,0.561435370741483,0.5609030561122245,0.6578772702886088,0.7306551918986078,0.786421499449501,0.8314516727228051,0.8688317033561272,0.9002323315138223,0.9278557114228456
328,150,qwen2.5-1.5b-2gpu-PPO-risk-baseline1-v3-cvarupper25-iqn-1,44,0.5554859719438878,0.5564410070140281,0.6610967998990106,0.7402076103838724,0.8018529424651617,0.8509604351007138,0.8886693889434201,0.9165251220158752,0.939879759519038
312,150,qwen2.5-1.5b-2gpu-PPO-risk-baseline1-v3-cvarupper25-iqn-8,42,0.626064629258517,0.6261585671342685,0.7180707379325579,0.785788881474986,0.8363917754190986,0.8734521163958858,0.9003852728058578,0.921865709133183,0.9418837675350702
313,150,qwen2.5-1.5b-2gpu-PPO-risk-baseline1-v3-cvarupper25-iqn-8,43,0.6285070140280561,0.630244864729459,0.7220457154466413,0.7892270174018828,0.8399799980046397,0.8788921689130147,0.9080148291398726,0.9290302714889064,0.9438877755511024
314,150,qwen2.5-1.5b-2gpu-PPO-risk-baseline1-v3-cvarupper25-iqn-8,44,0.6461673346693386,0.6430673847695391,0.7332484851592951,0.7970746863054943,0.843881954143228,0.8792040769105695,0.9066186187268216,0.9274566756922028,0.939879759519038
338,150,qwen2.5-1.5b-2gpu-PPO-v2-iqn-8,42,0.6337049098196392,0.6351766032064128,0.7263957047954177,0.7922253994302817,0.841601648534115,0.8788511915567633,0.9074427677039504,0.931160475098594,0.9498997995991983
356,150,qwen2.5-1.5b-2gpu-PPO-v2-iqn-8,42+1,0.6329534068136272,0.6305266783567134,0.7250051283669702,0.7926278225742824,0.8437440549592296,0.8829767912050352,0.9128127635458342,0.935739449273053,0.9519038076152304
339,150,qwen2.5-1.5b-2gpu-PPO-v2-iqn-8,43,0.6522419839679359,0.6523046092184369,0.7398926790589053,0.8008222771001321,0.8465234352495028,0.8827977911151903,0.9119328624270118,0.93481355413743,0.9539078156312624
336,150,qwen2.5-1.5b-2gpu-PPO-v3-iqn-8,42,0.6354584168336673,0.6348791332665331,0.7264704112950311,0.7924827204089469,0.8422888113470602,0.8798020921766738,0.9082045244137466,0.93076434444623,0.9478957915831664
354,150,qwen2.5-1.5b-2gpu-PPO-v3-iqn-8,42+1,0.6352079158316634,0.6322645290581163,0.725267957174191,0.7918807609594893,0.8418892995530505,0.8799935258228548,0.9086313848492652,0.932030888646602,0.9539078156312624
337,150,qwen2.5-1.5b-2gpu-PPO-v3-iqn-8,43,0.6311372745490982,0.6271449148296593,0.7224143168226216,0.7905464062733641,0.8406010116709246,0.8788930295848512,0.9095938059298102,0.9337795707521138,0.9498997995991983
371,175,qwen2.5-1.5b-2gpu-GRPO,42,0.655185370741483,0.6587393537074149,0.7441230886970792,0.8026436038556303,0.8467327642626121,0.8822328633408013,0.9115257816305165,0.9342919262892672,0.9519038076152304
372,175,qwen2.5-1.5b-2gpu-GRPO,43,0.657189378757515,0.6556080911823647,0.7408835880422262,0.8008983210139814,0.8457749536893258,0.8812987744297432,0.9099932054543608,0.932592567302262,0.9478957915831664
373,175,qwen2.5-1.5b-2gpu-GRPO,44,0.6582540080160321,0.6601640781563126,0.7459005116532278,0.8053165004549782,0.8503018640386004,0.8857573803840135,0.9140106121585072,0.9368486518583584,0.9559118236472944
393,175,qwen2.5-1.5b-2gpu-PPO,42,0.5723947895791583,0.5736786072144289,0.6702270189986272,0.7420776023362812,0.7970933512729873,0.8407961776843833,0.8741342706793275,0.8978324813251913,0.9178356713426854
403,175,qwen2.5-1.5b-2gpu-PPO,42+1,0.563001002004008,0.5625313126252505,0.6680634891830906,0.7473916346002841,0.8091990901108455,0.858135781096799,0.8949567427381931,0.9220489421839057,0.9438877755511024
391,175,qwen2.5-1.5b-2gpu-PPO,43,0.5757765531062125,0.578250250501002,0.6788905073927383,0.7546390026021297,0.8136732085442363,0.8597564932883084,0.8940005523724004,0.9181114601079206,0.935871743486974
392,175,qwen2.5-1.5b-2gpu-PPO,44,0.5802229458917836,0.5788295340681363,0.6790468239628864,0.7538500101064521,0.8115428278495425,0.8575792365005682,0.8937490583526161,0.9209567549200732,0.9438877755511024
404,175,qwen2.5-1.5b-2gpu-PPO-2,42+1,0.6092810621242485,0.6056331412825652,0.700824878102662,0.770881124641484,0.8239568159852736,0.8652667218205737,0.8966905205256487,0.9214360177657318,0.9418837675350702
406,175,qwen2.5-1.5b-2gpu-PPO-8,42+1,0.654308617234469,0.653243987975952,0.7414336547109969,0.8026906664848256,0.8485467635713584,0.8849798254837903,0.9141542490531576,0.937635090177692,0.9559118236472944
395,175,qwen2.5-1.5b-2gpu-PPO-C51,42,0.5858592184368737,0.5867359719438878,0.6869595490192985,0.7610582355186563,0.8166901172571784,0.85791687644454,0.8891065283383219,0.9158150717080632,0.939879759519038
396,175,qwen2.5-1.5b-2gpu-PPO-C51,43,0.5662575150300602,0.5690286823647295,0.673932757246777,0.7535328720808697,0.815753534725363,0.8635649037284572,0.8989420330465719,0.9262730500854806,0.9498997995991983
394,175,qwen2.5-1.5b-2gpu-PPO-C51,44,0.5707039078156313,0.5684807114228457,0.6712218728796175,0.7480033073270651,0.8058781705280821,0.8512911820441748,0.8869775688777558,0.9151654606275782,0.939879759519038
397,175,qwen2.5-1.5b-2gpu-PPO-QRDQN,42,0.5820390781563126,0.5852329659318637,0.687474851277358,0.7634739193422465,0.8210118695565257,0.8650571404567237,0.8987596980800501,0.9260491315443492,0.9498997995991983
398,175,qwen2.5-1.5b-2gpu-PPO-QRDQN,43,0.5574899799599199,0.5612005260521042,0.66841951619775,0.7509733512769822,0.8146478570318408,0.8620741900125273,0.8974295079652813,0.926627681866749,0.9539078156312624
399,175,qwen2.5-1.5b-2gpu-PPO-QRDQN,44,0.561748496993988,0.5657878256513026,0.6719578428510564,0.7515399851070721,0.8120694907493823,0.8590239817500742,0.8941947650520646,0.9193566499068136,0.935871743486974
400,175,qwen2.5-1.5b-2gpu-PPO-iqn,42,0.5818512024048096,0.5788921593186372,0.6837173362472978,0.759551642843242,0.8164318897555982,0.8603390592880673,0.8929781940255894,0.918611692078327,0.939879759519038
401,175,qwen2.5-1.5b-2gpu-PPO-iqn,43,0.5710796593186372,0.5714710671342685,0.6692306857810107,0.7432372701909256,0.8010883681446547,0.8473672319180774,0.8834502907637404,0.911399412358528,0.933867735470942
402,175,qwen2.5-1.5b-2gpu-PPO-iqn,44,0.559493987975952,0.5596035821643287,0.6704356054628943,0.7536842455063858,0.8174641014995344,0.8652653834951831,0.8998237509015036,0.9252142517503378,0.9458917835671342
386,175,qwen2.5-1.5b-2gpu-PPO-reweight-baseline1-v1-cvarupper25-iqn-1,42,0.5586172344689379,0.5602611472945892,0.6670321449986587,0.7476110143045747,0.8101451180769952,0.8597984658835243,0.8978453668782268,0.9263375166961292,0.9498997995991983
369,175,qwen2.5-1.5b-2gpu-PPO-reweight-baseline1-v1-cvarupper25-iqn-1,43,0.5461548096192385,0.5470785320641283,0.6608948704495605,0.7463342387812745,0.810425423301525,0.8571235527060932,0.8900432663867226,0.9123105969942767,0.9278557114228456
370,175,qwen2.5-1.5b-2gpu-PPO-reweight-baseline1-v1-cvarupper25-iqn-1,44,0.5793461923847696,0.5813971693386774,0.684687781073959,0.7609255960364674,0.8177907221445303,0.8605826951721837,0.8919894164094343,0.916242730286311,0.937875751503006
383,175,qwen2.5-1.5b-2gpu-PPO-reweight-baseline1-v3-cvarupper25-iqn-1,42,0.5719564128256514,0.5732402304609219,0.6735897977056475,0.7487854822881609,0.8074514595548327,0.8544240252085772,0.8908472142359685,0.9181966607056248,0.9418837675350702
384,175,qwen2.5-1.5b-2gpu-PPO-reweight-baseline1-v3-cvarupper25-iqn-1,43,0.5654433867735471,0.5652868236472945,0.6670005858173038,0.7436341939597231,0.801533623942625,0.8472678635115043,0.883362316894114,0.9102073733773056,0.9298597194388778
385,175,qwen2.5-1.5b-2gpu-PPO-reweight-baseline1-v3-cvarupper25-iqn-1,44,0.5832915831663327,0.5831350200400801,0.6870095999084784,0.762784654986764,0.8203362604612993,0.865888390246282,0.900839589548042,0.9287747817769172,0.9539078156312624
380,175,qwen2.5-1.5b-2gpu-PPO-reweight-baseline1-v3-cvarupper25-iqn-8,42,0.6468562124248497,0.6455410821643287,0.7341632083063765,0.7970570884926959,0.8430923061095131,0.8781782210818886,0.9063595758410892,0.9285438382576776,0.9438877755511024
381,175,qwen2.5-1.5b-2gpu-PPO-reweight-baseline1-v3-cvarupper25-iqn-8,43,0.65750250501002,0.6581444138276553,0.7455471967557162,0.8068750423606869,0.8527376544333867,0.8878391008341158,0.9154439098140688,0.936634857151208,0.9498997995991983
382,175,qwen2.5-1.5b-2gpu-PPO-reweight-baseline1-v3-cvarupper25-iqn-8,44,0.6616983967935872,0.6590368236472945,0.7457972046455115,0.8068594630205294,0.8521189429015984,0.8858284604158865,0.9115798598728898,0.9319488845596012,0.9458917835671342
360,175,qwen2.5-1.5b-2gpu-PPO-risk-baseline1-v1-cvarlower25-iqn,42,0.5725826653306614,0.5701089679358717,0.6747922518264877,0.7536570899579437,0.8144869719354931,0.8619938871585697,0.8983449579562658,0.9278217483950026,0.9539078156312624
361,175,qwen2.5-1.5b-2gpu-PPO-risk-baseline1-v1-cvarlower25-iqn,43,0.5708291583166333,0.5676665831663327,0.6683240989853724,0.7443644014688544,0.8032425473333422,0.8494230713959706,0.8843417836068582,0.9110190217184104,0.9298597194388778
362,175,qwen2.5-1.5b-2gpu-PPO-risk-baseline1-v1-cvarlower25-iqn,44,0.565506012024048,0.5645040080160321,0.6684261732125669,0.7465674898728842,0.8053632452738176,0.850239962038851,0.8855029650407055,0.913891105301048,0.937875751503006
366,175,qwen2.5-1.5b-2gpu-PPO-risk-baseline1-v1-cvarupper25-iqn,42,0.563251503006012,0.5630479709418837,0.6713481096050369,0.7530412454079514,0.8152509228047334,0.8617642150124565,0.8949870399148349,0.9187541479054202,0.937875751503006
367,175,qwen2.5-1.5b-2gpu-PPO-risk-baseline1-v1-cvarupper25-iqn,43,0.5741482965931863,0.5720973196392786,0.6760896300474966,0.7530124979993733,0.8127850629861242,0.860673334722767,0.8966083291977962,0.923640756931426,0.9458917835671342
368,175,qwen2.5-1.5b-2gpu-PPO-risk-baseline1-v1-cvarupper25-iqn,44,0.5651302605210421,0.5655216683366734,0.6659675157401416,0.7422755495993862,0.8022718166435754,0.8502117425945749,0.8863900550866705,0.9125170497171078,0.933867735470942
374,175,qwen2.5-1.5b-2gpu-PPO-risk-baseline1-v3-cvarlower25-iqn-1,42,0.579314879759519,0.580254258517034,0.6813296869329211,0.7570319614669909,0.8155396477446746,0.861097780968511,0.8954550477804581,0.9208215180845156,0.938877755511022
375,175,qwen2.5-1.5b-2gpu-PPO-risk-baseline1-v3-cvarlower25-iqn-1,43,0.5775300601202404,0.5757922094188377,0.6769498642955201,0.7521191644631595,0.8104044527539634,0.8567758063116266,0.892843713826621,0.9219143179466284,0.9458917835671342
376,175,qwen2.5-1.5b-2gpu-PPO-risk-baseline1-v3-cvarlower25-iqn-1,44,0.5814754509018036,0.584121367735471,0.6866762560554179,0.7634202048641715,0.8223298522122972,0.8674890609236711,0.9019564420078272,0.9287424113711932,0.9498997995991983
357,175,qwen2.5-1.5b-2gpu-PPO-risk-baseline1-v3-cvarlower25-iqn-8,42,0.6616357715430862,0.6620898046092184,0.746892406860966,0.8069539044342904,0.8512419676287718,0.8858998772043374,0.91443099744429,0.9368221265935752,0.9539078156312624
358,175,qwen2.5-1.5b-2gpu-PPO-risk-baseline1-v3-cvarlower25-iqn-8,43,0.6678982965931863,0.6690098947895792,0.753039050542029,0.8115683288211217,0.8556580312323946,0.8911645427627477,0.9202689187481616,0.9412299124999912,0.9559118236472944
359,175,qwen2.5-1.5b-2gpu-PPO-risk-baseline1-v3-cvarlower25-iqn-8,44,0.6461047094188377,0.6479678106212425,0.7367688132169852,0.7994032044215915,0.8460669939786346,0.8815916208572208,0.9083569603816952,0.9287830108766824,0.9478957915831664
377,175,qwen2.5-1.5b-2gpu-PPO-risk-baseline1-v3-cvarupper25-iqn-1,42,0.5777179358717435,0.5767002755511023,0.6763458018399002,0.7514100016681282,0.8092298306790188,0.8546537458336275,0.8898177897617536,0.9183497266439355,0.9458917835671342
378,175,qwen2.5-1.5b-2gpu-PPO-risk-baseline1-v3-cvarupper25-iqn-1,43,0.5681988977955912,0.5687781813627254,0.6667350448929353,0.7410306708279703,0.7994004695842732,0.8462775563333697,0.8827716354587054,0.9103615841608698,0.933867735470942
379,175,qwen2.5-1.5b-2gpu-PPO-risk-baseline1-v3-cvarupper25-iqn-1,44,0.561748496993988,0.5604803356713427,0.6705219000994114,0.7532091118870663,0.8166306101787935,0.8648276636027319,0.8985139785233651,0.9226672693376456,0.9438877755511024
363,175,qwen2.5-1.5b-2gpu-PPO-risk-baseline1-v3-cvarupper25-iqn-8,42,0.6347069138276553,0.6362412324649298,0.7246495944645197,0.7893339192445633,0.8376802300341467,0.8750128279040599,0.9043442698320872,0.9273492491426047,0.9458917835671342
364,175,qwen2.5-1.5b-2gpu-PPO-risk-baseline1-v3-cvarupper25-iqn-8,43,0.6470440881763527,0.6475764028056112,0.7359085789689616,0.7994700942943256,0.847405725190168,0.8841518752970112,0.9117258328890584,0.9321622287547252,0.9498997995991983
365,175,qwen2.5-1.5b-2gpu-PPO-risk-baseline1-v3-cvarupper25-iqn-8,44,0.656124749498998,0.6581131012024048,0.7449357376169662,0.8063565945163668,0.8528029273621303,0.8887842896342123,0.9175326117624212,0.938874842006792,0.9519038076152304
389,175,qwen2.5-1.5b-2gpu-PPO-v2-iqn-8,42,0.6526177354709419,0.6501910070140281,0.7376068574156187,0.7991656843871469,0.8449176309000478,0.8804018075578726,0.9090511965033182,0.9323828969317232,0.9498997995991983
390,175,qwen2.5-1.5b-2gpu-PPO-v2-iqn-8,43,0.6663326653306614,0.6680705160320641,0.7491964736559733,0.8059937490278646,0.8486492217873395,0.8818504244872432,0.9077708727599438,0.9285860266566148,0.9458917835671342
387,175,qwen2.5-1.5b-2gpu-PPO-v3-iqn-8,42,0.6513026052104208,0.6557803106212425,0.742862447335616,0.8035720033993745,0.8476714457163363,0.8805503017096367,0.9064958095450736,0.927323163263995,0.9438877755511024
405,175,qwen2.5-1.5b-2gpu-PPO-v3-iqn-8,42+1,0.656688376753507,0.6503319138276553,0.7396705320088998,0.8016954939124593,0.8480442601617781,0.8842932815863693,0.9129052777935522,0.9349185703266572,0.9539078156312624
388,175,qwen2.5-1.5b-2gpu-PPO-v3-iqn-8,43,0.6452905811623246,0.6417679108216433,0.7340510252789042,0.7995539211155719,0.8468626409339909,0.8820622847408118,0.909456402545742,0.9316180839233976,0.9498997995991983
421,200,qwen2.5-1.5b-2gpu-GRPO,42,0.6606963927855711,0.6607903306613226,0.7477989936566046,0.8073346381552006,0.8502017667659991,0.8837633107814588,0.9111097206921448,0.933478141299851,0.9539078156312624
422,200,qwen2.5-1.5b-2gpu-GRPO,43,0.6608216432865731,0.65750250501002,0.7435725289160999,0.8031915492026424,0.8475487985490471,0.8828625008481369,0.9112428264084946,0.9336565819945136,0.9498997995991983
423,200,qwen2.5-1.5b-2gpu-GRPO,44,0.6655811623246493,0.6655968186372746,0.7508417425401986,0.8093731010953289,0.8525506266613401,0.8868232997405912,0.9154910517199714,0.9383900338914932,0.9559118236472944
443,200,qwen2.5-1.5b-2gpu-PPO,42,0.5743987975951904,0.5774048096192385,0.6771996256292111,0.752892641300599,0.8109163874728047,0.8553396767025864,0.887913809493866,0.9117676529277328,0.933867735470942
453,200,qwen2.5-1.5b-2gpu-PPO,42+1,0.5801603206412825,0.5763245240480962,0.681453458097297,0.7600124611803284,0.820518065899936,0.8673903720166009,0.9017049864202472,0.92652885795566,0.9458917835671342
441,200,qwen2.5-1.5b-2gpu-PPO,43,0.5857965931863728,0.5896793587174348,0.6886035851230019,0.7626063457999613,0.8185287945682236,0.8623349386913265,0.8959506880897101,0.9199976088903976,0.935871743486974
442,200,qwen2.5-1.5b-2gpu-PPO,44,0.5847319639278558,0.5831037074148296,0.6782758430246321,0.7498377142361213,0.8052160195881738,0.8477183500114981,0.8787278462356404,0.9023047693541886,0.9238476953907816
454,200,qwen2.5-1.5b-2gpu-PPO-2,42+1,0.6082164328657315,0.6090462174348698,0.7059926940495164,0.7769932391968039,0.8302606119685347,0.870683322294413,0.9001325097849499,0.9233053413495518,0.9418837675350702
456,200,qwen2.5-1.5b-2gpu-PPO-8,42+1,0.6644539078156313,0.6648766282565131,0.7497176932605368,0.8084090543291307,0.8519806952399119,0.8856609787098643,0.9111412179972658,0.9297729675805522,0.9438877755511024
445,200,qwen2.5-1.5b-2gpu-PPO-C51,42,0.592685370741483,0.5939691883767535,0.6929543141400912,0.7657704507252224,0.8211396875494211,0.8638951010594337,0.8971428044767258,0.922149311755974,0.9438877755511024
446,200,qwen2.5-1.5b-2gpu-PPO-C51,43,0.5743987975951904,0.5757922094188377,0.676677173244126,0.7532326495886411,0.812843206254828,0.8581364370846145,0.8898690070107241,0.913519013457922,0.933867735470942
444,200,qwen2.5-1.5b-2gpu-PPO-C51,44,0.5844814629258517,0.5821173597194389,0.6823657156833352,0.7559314089371093,0.8122440829054561,0.8574726113562748,0.8939788395182837,0.9228983575206452,0.9478957915831664
447,200,qwen2.5-1.5b-2gpu-PPO-QRDQN,42,0.5903056112224448,0.5913858967935872,0.6914360216495985,0.7654297242779522,0.8220545577910806,0.8654025703559558,0.8976544185025394,0.9219155855674148,0.9418837675350702
448,200,qwen2.5-1.5b-2gpu-PPO-QRDQN,43,0.5692635270541082,0.571314504008016,0.6744584148612185,0.7532104140790017,0.8147217967518294,0.8616271171108403,0.894914418178074,0.9188166428104978,0.937875751503006
449,200,qwen2.5-1.5b-2gpu-PPO-QRDQN,44,0.5755886773547094,0.5784537825651302,0.6864583004591861,0.7660887844305033,0.8256364667114814,0.870962619488999,0.9039979348396046,0.9276587152085036,0.9498997995991983
450,200,qwen2.5-1.5b-2gpu-PPO-iqn,42,0.6018912825651302,0.6042397294589178,0.703876503006012,0.7745385966909447,0.8277949682465406,0.8692885740919626,0.8999345512190928,0.9217988831891092,0.937875751503006
451,200,qwen2.5-1.5b-2gpu-PPO-iqn,43,0.5879258517034068,0.5871586923847696,0.6866368070787243,0.7611725586531143,0.8188938006925797,0.8648734218635847,0.9005119069270986,0.927588692273262,0.9478957915831664
452,200,qwen2.5-1.5b-2gpu-PPO-iqn,44,0.5772795591182365,0.576935120240481,0.6856747451596106,0.7650879084753685,0.8238167679806306,0.8683870881599004,0.902145462373428,0.9272976792843776,0.9478957915831664
436,200,qwen2.5-1.5b-2gpu-PPO-reweight-baseline1-v1-cvarupper25-iqn-1,42,0.56124749498998,0.5594626753507014,0.6700142410805863,0.753097251120163,0.8164910429191106,0.8647954227370247,0.9004935852650533,0.9265187304398992,0.9438877755511024
419,200,qwen2.5-1.5b-2gpu-PPO-reweight-baseline1-v1-cvarupper25-iqn-1,43,0.5681362725450901,0.5687155561122245,0.6763805662506115,0.7570731419719829,0.8178862137871232,0.863174734458225,0.8969888748170596,0.9233764756513154,0.9438877755511024
420,200,qwen2.5-1.5b-2gpu-PPO-reweight-baseline1-v1-cvarupper25-iqn-1,44,0.5968186372745491,0.593436873747495,0.6924326014233192,0.7648178261284474,0.8206324660022516,0.8655244486135979,0.8987425949749498,0.9220486540616896,0.9418837675350702
433,200,qwen2.5-1.5b-2gpu-PPO-reweight-baseline1-v3-cvarupper25-iqn-1,42,0.5872995991983968,0.5841057114228457,0.685187303741341,0.760466454844447,0.8172625112504756,0.860417485737363,0.8930724612348673,0.9193285230403938,0.9438877755511024
434,200,qwen2.5-1.5b-2gpu-PPO-reweight-baseline1-v3-cvarupper25-iqn-1,43,0.5746492985971944,0.5753851452905812,0.6758228563426064,0.7504308406839927,0.8067343203135354,0.8506703963244664,0.8846485873367252,0.911014943994168,0.93186372745491
435,200,qwen2.5-1.5b-2gpu-PPO-reweight-baseline1-v3-cvarupper25-iqn-1,44,0.5963802605210421,0.595440881763527,0.6966038375964527,0.7706899612874042,0.8268431525020762,0.8705269505987601,0.9031477129126432,0.9267396150188169,0.9438877755511024
430,200,qwen2.5-1.5b-2gpu-PPO-reweight-baseline1-v3-cvarupper25-iqn-8,42,0.6514904809619239,0.6528682364729459,0.7404580322061446,0.801874130901473,0.846762840894805,0.8810556152431505,0.9073795896599222,0.9273913279626114,0.9438877755511024
431,200,qwen2.5-1.5b-2gpu-PPO-reweight-baseline1-v3-cvarupper25-iqn-8,43,0.6729083166332666,0.6735189128256514,0.7563258899689141,0.8140809637648,0.856522401081114,0.8886585732542722,0.913636630658042,0.9328674627868332,0.9478957915831664
432,200,qwen2.5-1.5b-2gpu-PPO-reweight-baseline1-v3-cvarupper25-iqn-8,44,0.6735971943887775,0.6760552354709419,0.758166184731668,0.8149299211471311,0.8563997432319493,0.8873895621237532,0.910981217569476,0.928278733547067,0.939879759519038
410,200,qwen2.5-1.5b-2gpu-PPO-risk-baseline1-v1-cvarlower25-iqn,42,0.5726452905811623,0.5737255761523046,0.6803437090716867,0.759362022132003,0.8185775775872018,0.8630077966315536,0.8943261224849045,0.9172452580921236,0.937875751503006
411,200,qwen2.5-1.5b-2gpu-PPO-risk-baseline1-v1-cvarlower25-iqn,43,0.5779058116232465,0.5765123997995992,0.6763635538794123,0.7504993489040322,0.8073441088836726,0.8533895624707639,0.8903317340267048,0.9198676054868988,0.9458917835671342
412,200,qwen2.5-1.5b-2gpu-PPO-risk-baseline1-v1-cvarlower25-iqn,44,0.5829784569138277,0.5821330160320641,0.68413894718571,0.759016820292253,0.816507917784522,0.8614840906618872,0.8956876039335462,0.9216391042514944,0.9438877755511024
416,200,qwen2.5-1.5b-2gpu-PPO-risk-baseline1-v1-cvarupper25-iqn,42,0.5834168336673347,0.5788138777555111,0.6844126244615215,0.7625621432215762,0.822519968723586,0.8681449369389767,0.9012172260376604,0.9253097040661772,0.9438877755511024
417,200,qwen2.5-1.5b-2gpu-PPO-risk-baseline1-v1-cvarupper25-iqn,43,0.5797845691382766,0.5809431362725451,0.6809660166790272,0.753605832024003,0.8083004962496008,0.8513897354020767,0.883691688311983,0.906034172403574,0.9238476953907816
418,200,qwen2.5-1.5b-2gpu-PPO-risk-baseline1-v1-cvarupper25-iqn,44,0.5750250501002004,0.5759800851703407,0.6765403346062203,0.7530402060213415,0.8117474973179136,0.8566536433742957,0.888887889183449,0.9124073851215724,0.933867735470942
424,200,qwen2.5-1.5b-2gpu-PPO-risk-baseline1-v3-cvarlower25-iqn-1,42,0.591996492985972,0.5901725325651304,0.6899028125147934,0.7628633972106192,0.8181330532752815,0.8610778967415831,0.892887883198683,0.9165853650313605,0.938877755511022
425,200,qwen2.5-1.5b-2gpu-PPO-risk-baseline1-v3-cvarlower25-iqn-1,43,0.5809118236472945,0.5829158316633266,0.6848963675382261,0.7609490302314416,0.819629787947174,0.8651089348069518,0.8986647660862889,0.92373555364682,0.9418837675350702
426,200,qwen2.5-1.5b-2gpu-PPO-risk-baseline1-v3-cvarlower25-iqn-1,44,0.5906187374749499,0.5916990230460922,0.6916086109226327,0.7653498382216252,0.8223429679986626,0.8666255164000909,0.8996961360993735,0.9255183454682514,0.9498997995991983
407,200,qwen2.5-1.5b-2gpu-PPO-risk-baseline1-v3-cvarlower25-iqn-8,42,0.6722820641282565,0.6737224448897795,0.7555803043094063,0.8139789436390591,0.8574448630735856,0.8907157879012055,0.9171202928103376,0.9362775688537543,0.9478957915831664
408,200,qwen2.5-1.5b-2gpu-PPO-risk-baseline1-v3-cvarlower25-iqn-8,43,0.6810495991983968,0.678935996993988,0.759101865147618,0.8154217217712515,0.8579120001562645,0.8899379663032708,0.912992035951116,0.9292206798848685,0.9418837675350702
409,200,qwen2.5-1.5b-2gpu-PPO-risk-baseline1-v3-cvarlower25-iqn-8,44,0.6652054108216433,0.6660978206412825,0.7493621593580861,0.8070556296319674,0.8493886409975658,0.8823103622378017,0.909558157295696,0.931238926329938,0.9458917835671342
427,200,qwen2.5-1.5b-2gpu-PPO-risk-baseline1-v3-cvarupper25-iqn-1,42,0.5955035070140281,0.5958479458917836,0.6934175930601361,0.7659567381857828,0.8218558079070611,0.8661788806085191,0.8988559011662692,0.9221319686975448,0.939879759519038
428,200,qwen2.5-1.5b-2gpu-PPO-risk-baseline1-v3-cvarupper25-iqn-1,43,0.5829784569138277,0.5847163076152304,0.6871910652012687,0.7637358868468095,0.8214764913031469,0.8645261197649143,0.8950711840366044,0.9170658207953912,0.935871743486974
429,200,qwen2.5-1.5b-2gpu-PPO-risk-baseline1-v3-cvarupper25-iqn-1,44,0.5765280561122245,0.575870490981964,0.6836973652028467,0.7630879473607884,0.8227894111994591,0.867418687621352,0.8984500511056365,0.9194905537385,0.935871743486974
413,200,qwen2.5-1.5b-2gpu-PPO-risk-baseline1-v3-cvarupper25-iqn-8,42,0.6511773547094188,0.6515374498997996,0.7362668249885599,0.7974252440013134,0.8431843225833082,0.8788625790964215,0.9073049251166778,0.9289376459709944,0.9438877755511024
414,200,qwen2.5-1.5b-2gpu-PPO-risk-baseline1-v3-cvarupper25-iqn-8,43,0.6603206412825652,0.6624968687374749,0.7463595991194989,0.806377874421509,0.8511996463911033,0.8854818499945352,0.9121198779423207,0.9319009441456304,0.9458917835671342
415,200,qwen2.5-1.5b-2gpu-PPO-risk-baseline1-v3-cvarupper25-iqn-8,44,0.6742234468937875,0.6739886022044088,0.7562536490303442,0.8146371099905098,0.8585213844282047,0.8915882576086299,0.9168999123508612,0.9355979356985132,0.9478957915831664
439,200,qwen2.5-1.5b-2gpu-PPO-v2-iqn-8,42,0.6601953907815631,0.6618706162324649,0.7473943950893913,0.8068041356428644,0.8507282494923555,0.8850227905792352,0.9126690038779492,0.9341441864333612,0.9478957915831664
440,200,qwen2.5-1.5b-2gpu-PPO-v2-iqn-8,43,0.6760395791583166,0.6780905561122245,0.7563761874141985,0.811139175426218,0.8526215132244688,0.8855098250793909,0.9114418862974052,0.9295427355376285,0.939879759519038
437,200,qwen2.5-1.5b-2gpu-PPO-v3-iqn-8,42,0.6701528056112225,0.6672094188376754,0.751609025136888,0.8103438840560762,0.852642334332998,0.8837490925600746,0.9067729536843904,0.9233592924424322,0.935871743486974
455,200,qwen2.5-1.5b-2gpu-PPO-v3-iqn-8,42+1,0.6699649298597194,0.670184118236473,0.7527806597446862,0.8103366682746821,0.8533763673400884,0.8870091062744865,0.9140038149515336,0.9355561850663516,0.9559118236472944
438,200,qwen2.5-1.5b-2gpu-PPO-v3-iqn-8,43,0.655498496993988,0.6519132014028056,0.7417931335111166,0.8045533402763532,0.8506404841735604,0.8858291652327799,0.9131107450231446,0.9350906181418288,0.9519038076152304
471,225,qwen2.5-1.5b-2gpu-GRPO,42,0.6680235470941884,0.6695891783567134,0.75336844949742,0.8092607196019335,0.8504785701620834,0.8834051347349122,0.9102098152572616,0.9300853067981092,0.9458917835671342
472,225,qwen2.5-1.5b-2gpu-GRPO,43,0.6680861723446894,0.6685088927855711,0.7507603790257681,0.8083169231225857,0.8516632474387129,0.8856463101293213,0.9119914057263498,0.9315411015747992,0.9478957915831664
473,225,qwen2.5-1.5b-2gpu-GRPO,44,0.6756638276553106,0.6752254509018036,0.7569555942593849,0.8132965837937592,0.8543542689339857,0.8857497184640918,0.9103466399857352,0.9291855862957008,0.9438877755511024
493,225,qwen2.5-1.5b-2gpu-PPO,42,0.5869864729458918,0.5822269539078156,0.6824177390213498,0.7577222899116568,0.815213495785821,0.8597611309353507,0.8925429714594316,0.917029998124412,0.933867735470942
503,225,qwen2.5-1.5b-2gpu-PPO,42+1,0.5899924849699398,0.5892409819639278,0.6913978054534266,0.767492924168547,0.825648734152166,0.8693161307689273,0.9011718798370284,0.9260386183462428,0.9458917835671342
491,225,qwen2.5-1.5b-2gpu-PPO,43,0.5975701402805611,0.5989165831663327,0.6952647913938113,0.7676074298954113,0.8231589806394123,0.8671642265790802,0.9010959091756992,0.927587708863853,0.9498997995991983
492,225,qwen2.5-1.5b-2gpu-PPO,44,0.6040205410821643,0.6058523296593187,0.7010001794928441,0.7695007882281248,0.8206034371887037,0.8598599585030062,0.8891093872160686,0.9116577487205884,0.93186372745491
504,225,qwen2.5-1.5b-2gpu-PPO-2,42+1,0.6209919839679359,0.6209606713426854,0.7166646284695375,0.7854488412520579,0.8364481989898251,0.8745408295018369,0.9027212143538572,0.925522150158774,0.9458917835671342
506,225,qwen2.5-1.5b-2gpu-PPO-8,42+1,0.6792960921843687,0.6815819138276553,0.760842058132012,0.8155582789125306,0.856220680640614,0.8875986818474338,0.9130528201588332,0.9333989935373476,0.9498997995991983
495,225,qwen2.5-1.5b-2gpu-PPO-C51,42,0.5970065130260521,0.6003413076152304,0.6997397846874852,0.7707884697028102,0.8239484614105589,0.8655605962809882,0.8977464343669421,0.9218044940216744,0.939879759519038
496,225,qwen2.5-1.5b-2gpu-PPO-C51,43,0.5870490981963928,0.5878632264529058,0.6887653259274454,0.7637866680116889,0.821610368428689,0.8661023842037078,0.898836066104545,0.9225524715382968,0.9418837675350702
494,225,qwen2.5-1.5b-2gpu-PPO-C51,44,0.5878006012024048,0.588943512024048,0.6897419346567151,0.7634558693690343,0.8192929481303908,0.8625090552609903,0.8960580009537937,0.923102911856956,0.9478957915831664
497,225,qwen2.5-1.5b-2gpu-PPO-QRDQN,42,0.6082790581162325,0.6125375751503006,0.709965699114765,0.7799631221573256,0.8330007228726412,0.8730743078281332,0.9024696947434938,0.9251505478767656,0.9458917835671342
498,225,qwen2.5-1.5b-2gpu-PPO-QRDQN,43,0.5862349699398798,0.5867985971943888,0.6865860165212315,0.7629032019795121,0.8226531544127548,0.8675556584079752,0.8996549300655748,0.9241523538069504,0.9438877755511024
499,225,qwen2.5-1.5b-2gpu-PPO-QRDQN,44,0.5893662324649298,0.5908222695390781,0.6948624118315371,0.7720354685749451,0.8299180412865014,0.8734418092086043,0.906156387644684,0.9299676512226128,0.9478957915831664
500,225,qwen2.5-1.5b-2gpu-PPO-iqn,42,0.6118486973947895,0.6170465931863728,0.7136763684850015,0.7822556588617807,0.833030449887423,0.8712947894304758,0.9002734025204099,0.924291254727349,0.9438877755511024
501,225,qwen2.5-1.5b-2gpu-PPO-iqn,43,0.5994488977955912,0.5984312374749499,0.697082896107175,0.7708500707827354,0.8263871475710589,0.8680372200276917,0.8996640079009514,0.926281778545837,0.9519038076152304
502,225,qwen2.5-1.5b-2gpu-PPO-iqn,44,0.6052104208416834,0.6051164829659319,0.7064194826661195,0.7779827207846514,0.8311036712737562,0.8720598609784622,0.9034254798901098,0.929289877624248,0.9519038076152304
486,225,qwen2.5-1.5b-2gpu-PPO-reweight-baseline1-v1-cvarupper25-iqn-1,42,0.5643787575150301,0.562061623246493,0.670870776987045,0.7527033574084804,0.8150821515620111,0.8624031127668312,0.8959225265487848,0.9200919721644952,0.937875751503006
469,225,qwen2.5-1.5b-2gpu-PPO-reweight-baseline1-v1-cvarupper25-iqn-1,43,0.5846067134268537,0.5864854709418837,0.6892308238524293,0.7662443302427878,0.8252991203615624,0.8708263167659609,0.904541194830692,0.929179223516826,0.9478957915831664
470,225,qwen2.5-1.5b-2gpu-PPO-reweight-baseline1-v1-cvarupper25-iqn-1,44,0.6006387775551102,0.6051477955911824,0.7031030565067141,0.7731937551518485,0.8265508735134619,0.8689860263861845,0.9005264589150004,0.9222490441968926,0.937875751503006
483,225,qwen2.5-1.5b-2gpu-PPO-reweight-baseline1-v3-cvarupper25-iqn-1,42,0.5898672344689379,0.5915111472945892,0.6910020829059694,0.7667938231167998,0.8254214888097836,0.869505007891102,0.9017744944357754,0.9265392980298542,0.9438877755511024
484,225,qwen2.5-1.5b-2gpu-PPO-reweight-baseline1-v3-cvarupper25-iqn-1,43,0.5899924849699398,0.5896480460921844,0.6908953241127924,0.7652206078824315,0.8212728359633584,0.8646125964587827,0.8962225166387656,0.9188791327689244,0.935871743486974
485,225,qwen2.5-1.5b-2gpu-PPO-reweight-baseline1-v3-cvarupper25-iqn-1,44,0.6063376753507014,0.6060558617234469,0.7070772943524846,0.779305807528067,0.8340007957472536,0.8767406867795331,0.90819089589292,0.9312505934855696,0.9519038076152304
480,225,qwen2.5-1.5b-2gpu-PPO-reweight-baseline1-v3-cvarupper25-iqn-8,42,0.6658942885771543,0.6676477955911824,0.7534646063781105,0.8127469810261694,0.855159774922651,0.8874675005542454,0.9147417312137192,0.938206363092332,0.9579158316633266
481,225,qwen2.5-1.5b-2gpu-PPO-reweight-baseline1-v3-cvarupper25-iqn-8,43,0.686122244488978,0.6884706913827655,0.766681492907074,0.8214608363709045,0.8621993515701986,0.8939819657088641,0.9184607800520777,0.935863995111108,0.9478957915831664
482,225,qwen2.5-1.5b-2gpu-PPO-reweight-baseline1-v3-cvarupper25-iqn-8,44,0.6929483967935872,0.6939190881763527,0.7698975707320151,0.824113268343962,0.8647275797867542,0.8954496580579914,0.9200147764268984,0.9401570883054858,0.9539078156312624
460,225,qwen2.5-1.5b-2gpu-PPO-risk-baseline1-v1-cvarlower25-iqn,42,0.592560120240481,0.5918555861723447,0.6968328882173795,0.7744250773763499,0.8327241256800444,0.8770759308490835,0.9101346136436498,0.9341145960963436,0.9498997995991983
461,225,qwen2.5-1.5b-2gpu-PPO-risk-baseline1-v1-cvarlower25-iqn,43,0.5855460921843687,0.587315255511022,0.6862119909109557,0.7587535697566862,0.8155540576513429,0.8616526971629461,0.8961805863114148,0.9226172946181904,0.9478957915831664
462,225,qwen2.5-1.5b-2gpu-PPO-risk-baseline1-v1-cvarlower25-iqn,44,0.591620741482966,0.5929671843687375,0.6957473016899941,0.770919562972965,0.8275031741245292,0.8691787708101332,0.8993089923073576,0.9231320017481536,0.9418837675350702
466,225,qwen2.5-1.5b-2gpu-PPO-risk-baseline1-v1-cvarupper25-iqn,42,0.593248997995992,0.5908848947895792,0.6922119337099396,0.7656947791345721,0.8201168108705321,0.8615679018144723,0.8919658930559091,0.9140983884042986,0.93186372745491
467,225,qwen2.5-1.5b-2gpu-PPO-risk-baseline1-v1-cvarupper25-iqn,43,0.5979458917835672,0.5968656062124249,0.6930046115853754,0.7629752816469083,0.8164857290178678,0.8592983417065492,0.8932486662815836,0.921917905298306,0.9498997995991983
468,225,qwen2.5-1.5b-2gpu-PPO-risk-baseline1-v1-cvarupper25-iqn,44,0.5804108216432866,0.5767159318637275,0.6810794324870212,0.7592691147198785,0.8202001150111138,0.8687386748821525,0.904754915389281,0.930781336419516,0.9498997995991983
474,225,qwen2.5-1.5b-2gpu-PPO-risk-baseline1-v3-cvarlower25-iqn-1,42,0.6017660320641283,0.6028306613226453,0.700352599884809,0.7719734605130772,0.8264474975655207,0.868234077049413,0.8991325047988263,0.923015638528516,0.9448897795591182
475,225,qwen2.5-1.5b-2gpu-PPO-risk-baseline1-v3-cvarlower25-iqn-1,43,0.6015155310621243,0.5981337675350702,0.6976216211951463,0.7704079163200792,0.8260541531607121,0.8692253999803495,0.9021570990042402,0.9286371946190768,0.9478957915831664
476,225,qwen2.5-1.5b-2gpu-PPO-risk-baseline1-v3-cvarlower25-iqn-1,44,0.6033942885771543,0.6025331913827655,0.7014412683634986,0.7730960830547484,0.8261464177052539,0.8664297420915537,0.8977842618107941,0.9238260969941708,0.9458917835671342
457,225,qwen2.5-1.5b-2gpu-PPO-risk-baseline1-v3-cvarlower25-iqn-8,42,0.6875,0.6875939378757515,0.763251897495779,0.8160021467757412,0.8552452517948376,0.8861801001339401,0.9112865309291658,0.9320558070377966,0.9498997995991983
458,225,qwen2.5-1.5b-2gpu-PPO-risk-baseline1-v3-cvarlower25-iqn-8,43,0.6904433867735471,0.6952968436873748,0.7693810356934342,0.8215840730955725,0.8607406052940204,0.8906943413892215,0.9137717906300729,0.9305913166567716,0.9438877755511024
459,225,qwen2.5-1.5b-2gpu-PPO-risk-baseline1-v3-cvarlower25-iqn-8,44,0.6765405811623246,0.6746618236472945,0.7564785081974974,0.8140877208109508,0.8567135620413017,0.8898228395873485,0.9162095568061132,0.9353806145872154,0.9498997995991983
477,225,qwen2.5-1.5b-2gpu-PPO-risk-baseline1-v3-cvarupper25-iqn-1,42,0.6000751503006012,0.598556487975952,0.6960448949079262,0.7695027479030051,0.8253541232160916,0.8671433423121129,0.8963793398847352,0.916759085217866,0.93186372745491
478,225,qwen2.5-1.5b-2gpu-PPO-risk-baseline1-v3-cvarupper25-iqn-1,43,0.5990731462925851,0.6008579659318637,0.6989838436715952,0.7713328901898284,0.8260908946385869,0.8670206427731277,0.8977784946519491,0.9222376141915256,0.9418837675350702
479,225,qwen2.5-1.5b-2gpu-PPO-risk-baseline1-v3-cvarupper25-iqn-1,44,0.5978832665330661,0.5935308116232465,0.6956420222334433,0.7701125806168017,0.8258665474733102,0.8682254309598055,0.8998090793994789,0.9258157158277558,0.9519038076152304
463,225,qwen2.5-1.5b-2gpu-PPO-risk-baseline1-v3-cvarupper25-iqn-8,42,0.6591307615230461,0.6599448897795591,0.7434995483092168,0.803254556920365,0.8485677010528979,0.8843385357427156,0.9120061520870344,0.9322493540934746,0.9458917835671342
464,225,qwen2.5-1.5b-2gpu-PPO-risk-baseline1-v3-cvarupper25-iqn-8,43,0.6800475951903807,0.6773233967935872,0.7586666936234674,0.8164732830866083,0.8595643412880164,0.89203330561119,0.9169987388570984,0.9359075280380996,0.9498997995991983
465,225,qwen2.5-1.5b-2gpu-PPO-risk-baseline1-v3-cvarupper25-iqn-8,44,0.686560621242485,0.6853081162324649,0.7644395582503589,0.8195792385295525,0.8602776089264299,0.8918524042012396,0.9170420672602576,0.9378135627289634,0.9559118236472944
489,225,qwen2.5-1.5b-2gpu-PPO-v2-iqn-8,42,0.6733466933867736,0.6740981963927856,0.7555741404067978,0.8124481076889436,0.8540357216246206,0.8857369986494955,0.9110181679913776,0.9324114813302266,0.9498997995991983
490,225,qwen2.5-1.5b-2gpu-PPO-v2-iqn-8,43,0.68875250501002,0.6869520290581163,0.7638463442633299,0.8183570645227464,0.8599028683952353,0.893062947924454,0.9199158334452766,0.941344599189054,0.9579158316633266
487,225,qwen2.5-1.5b-2gpu-PPO-v3-iqn-8,42,0.6756012024048096,0.6748183867735471,0.7570510114717625,0.8150258621855636,0.8575461046513244,0.8890627129866789,0.9133769029109532,0.932595856816994,0.9498997995991983
505,225,qwen2.5-1.5b-2gpu-PPO-v3-iqn-8,42+1,0.6840556112224448,0.6837268286573146,0.761871922979818,0.816081804403708,0.8562901911965772,0.8877445879810393,0.9135030779701828,0.9331810247191544,0.9458917835671342
488,225,qwen2.5-1.5b-2gpu-PPO-v3-iqn-8,43,0.6705911823647295,0.6689316132264529,0.7555327189812697,0.8150408907428656,0.8582832616021902,0.8915289990793754,0.9180361601712668,0.9382297091107068,0.9539078156312624
521,250,qwen2.5-1.5b-2gpu-GRPO,42,0.6721568136272545,0.6746774799599199,0.7580360031085793,0.8152031259744836,0.8569638311692587,0.8891090078477717,0.9141077476032636,0.9309079587636784,0.939879759519038
522,250,qwen2.5-1.5b-2gpu-GRPO,43,0.6722194388777555,0.672376002004008,0.7561234674072556,0.8135441666986015,0.8555480295009111,0.8881286493296179,0.9127385865802876,0.9297514357437484,0.9418837675350702
523,250,qwen2.5-1.5b-2gpu-GRPO,44,0.6801102204408818,0.6787011523046093,0.7579866918877125,0.8131179990276767,0.8542412105167276,0.8861335372270414,0.911027242644552,0.9298583847416748,0.9458917835671342
543,250,qwen2.5-1.5b-2gpu-PPO,42,0.590743987975952,0.5909788326653307,0.6911458251147966,0.7657165128907985,0.8228118621344369,0.8672218583672221,0.8997837907030227,0.9241234603686888,0.9438877755511024
541,250,qwen2.5-1.5b-2gpu-PPO,43,0.6089053106212425,0.6080285571142284,0.7041583166332666,0.7747799515416284,0.8282342488398644,0.8701773648107898,0.903324922374084,0.9299064322235748,0.9519038076152304
542,250,qwen2.5-1.5b-2gpu-PPO,44,0.6170465931863728,0.6174536573146293,0.7102694562353054,0.7774003533876903,0.8288621363122647,0.868330581747418,0.8970254594177125,0.9206260989727628,0.9438877755511024
553,250,qwen2.5-1.5b-2gpu-PPO-2,42+1,0.6299473947895792,0.6296812374749499,0.7229352898710807,0.789117398088265,0.8375611279931215,0.8737082083479505,0.902263759510641,0.9277193067641758,0.9498997995991983
555,250,qwen2.5-1.5b-2gpu-PPO-8,42+1,0.688564629258517,0.6929170841683366,0.7688768284600697,0.8216288059809157,0.8607574733139174,0.8906305289183184,0.9152712864797672,0.9343719108751284,0.9458917835671342
545,250,qwen2.5-1.5b-2gpu-PPO-C51,42,0.6167334669338678,0.6135865480961924,0.7078874777113282,0.7767456189093599,0.8286358624324118,0.8681059102382093,0.8979307442070454,0.9219679489628844,0.9418837675350702
546,250,qwen2.5-1.5b-2gpu-PPO-C51,43,0.6005761523046093,0.5970221693386774,0.6951888521136762,0.7666858041166698,0.821784466505612,0.8663276597835213,0.901625470951416,0.928399898499904,0.9478957915831664
544,250,qwen2.5-1.5b-2gpu-PPO-C51,44,0.6064003006012024,0.6069952404809619,0.7070925808309533,0.7788809144347939,0.832227442852343,0.8731613484548749,0.9047020908551904,0.9298137147736965,0.9498997995991983
547,250,qwen2.5-1.5b-2gpu-PPO-QRDQN,42,0.6207414829659319,0.6219783316633266,0.7169890963028419,0.7852903818510663,0.8359386427925805,0.8737091892412603,0.902000307993839,0.9242912409196496,0.9418837675350702
548,250,qwen2.5-1.5b-2gpu-PPO-QRDQN,43,0.5987600200400801,0.5982903306613226,0.6963301603206413,0.7693728572630826,0.8260903727142862,0.8709036819611891,0.9051118787235196,0.9315163741454664,0.9539078156312624
549,250,qwen2.5-1.5b-2gpu-PPO-QRDQN,44,0.5999498997995992,0.6022670340681363,0.702690321588058,0.7754679809562883,0.829755581203557,0.8695095207398903,0.8989821297121021,0.9240348702605644,0.9438877755511024
550,250,qwen2.5-1.5b-2gpu-PPO-iqn,42,0.6342059118236473,0.6326715931863728,0.7235751029618293,0.7868493638946434,0.8350622709422784,0.8725431857626611,0.9004247972173809,0.9220031318907936,0.939879759519038
551,250,qwen2.5-1.5b-2gpu-PPO-iqn,43,0.6082164328657315,0.6095785320641283,0.7080965572878041,0.7811640987261362,0.8360173576335937,0.8772828999400991,0.9080054578735292,0.9314030785161302,0.9498997995991983
552,250,qwen2.5-1.5b-2gpu-PPO-iqn,44,0.6121618236472945,0.6153243987975952,0.715607642450255,0.7860036056364698,0.8389432963496815,0.8794149056273298,0.9094910657167452,0.9331679584944396,0.9539078156312624
536,250,qwen2.5-1.5b-2gpu-PPO-reweight-baseline1-v1-cvarupper25-iqn-1,42,0.5807865731462926,0.5812406062124249,0.6857775590551182,0.7622852407101417,0.8207952602968014,0.8670311225978593,0.9017395039040972,0.9276944565792922,0.9498997995991983
519,250,qwen2.5-1.5b-2gpu-PPO-reweight-baseline1-v1-cvarupper25-iqn-1,43,0.5857339679358717,0.5879415080160321,0.6919143404920076,0.7690486197366612,0.8262872171276803,0.8686814023236841,0.9002989706945497,0.9255008583868852,0.9478957915831664
520,250,qwen2.5-1.5b-2gpu-PPO-reweight-baseline1-v1-cvarupper25-iqn-1,44,0.6204909819639278,0.6147920841683366,0.711396464188219,0.7805458607503721,0.8327166450085117,0.8723694697121059,0.9019510700304216,0.9247177025527488,0.9438877755511024
533,250,qwen2.5-1.5b-2gpu-PPO-reweight-baseline1-v3-cvarupper25-iqn-1,42,0.595253006012024,0.5929828406813628,0.6915913519953292,0.7652997810393941,0.8219260289530547,0.8650675125229135,0.8977510806013441,0.9222368375416242,0.937875751503006
534,250,qwen2.5-1.5b-2gpu-PPO-reweight-baseline1-v3-cvarupper25-iqn-1,43,0.6062124248496994,0.6058836422845691,0.7032280604516119,0.7733541182477441,0.8260481264010469,0.8670720611684631,0.8986197687373143,0.9227657665119552,0.9418837675350702
535,250,qwen2.5-1.5b-2gpu-PPO-reweight-baseline1-v3-cvarupper25-iqn-1,44,0.6086548096192385,0.6107370991983968,0.7133166431287773,0.7855396311933953,0.838498468968263,0.8787358791704234,0.909050557392359,0.931329730446024,0.9478957915831664
530,250,qwen2.5-1.5b-2gpu-PPO-reweight-baseline1-v3-cvarupper25-iqn-8,42,0.6723446893787575,0.6738007264529058,0.7576225285216102,0.8159987445832797,0.857427268061579,0.888113664258179,0.911498557936304,0.9277672181955856,0.937875751503006
531,250,qwen2.5-1.5b-2gpu-PPO-reweight-baseline1-v3-cvarupper25-iqn-8,43,0.6983967935871743,0.6990700150300602,0.770060297760876,0.8201928733732933,0.8580437350037415,0.8882129896513704,0.912467491623362,0.9311408107944996,0.9438877755511024
532,250,qwen2.5-1.5b-2gpu-PPO-reweight-baseline1-v3-cvarupper25-iqn-8,44,0.7062875751503006,0.7057709168336673,0.7769909898537232,0.8271794671081946,0.8647938609015302,0.8949003690364581,0.9198708110012572,0.9393361221674428,0.9539078156312624
510,250,qwen2.5-1.5b-2gpu-PPO-risk-baseline1-v1-cvarlower25-iqn,42,0.6172344689378757,0.6160445891783567,0.7181059954554779,0.7898898353512424,0.8415079218830913,0.8803947498578573,0.9106555026367044,0.9343980374095706,0.9519038076152304
511,250,qwen2.5-1.5b-2gpu-PPO-risk-baseline1-v1-cvarlower25-iqn,43,0.593186372745491,0.594689378757515,0.6937568542597006,0.7677027931002613,0.8239334121502077,0.8667159370568026,0.8975668991307953,0.9199481597705144,0.937875751503006
512,250,qwen2.5-1.5b-2gpu-PPO-risk-baseline1-v1-cvarlower25-iqn,44,0.6011397795591182,0.5993549599198397,0.7008206866488883,0.7742980109074541,0.830036696421985,0.8727569765759641,0.9047527782767092,0.9290669849279805,0.9498997995991983
516,250,qwen2.5-1.5b-2gpu-PPO-risk-baseline1-v1-cvarupper25-iqn,42,0.5867985971943888,0.5895854208416834,0.6926177650576744,0.767487992107199,0.8222967205184071,0.8635016542966156,0.8957413360988151,0.922386519136878,0.9418837675350702
517,250,qwen2.5-1.5b-2gpu-PPO-risk-baseline1-v1-cvarupper25-iqn,43,0.6083416833667334,0.60812249498998,0.7054670364350748,0.7755209594291695,0.8282801305598341,0.8689892895632708,0.8998835466503927,0.9241247229586655,0.9418837675350702
518,250,qwen2.5-1.5b-2gpu-PPO-risk-baseline1-v1-cvarupper25-iqn,44,0.5772795591182365,0.5776396543086172,0.6816551409906427,0.7601395471858602,0.8209437676273267,0.8675582301689045,0.9012947181519804,0.924897072971298,0.939879759519038
524,250,qwen2.5-1.5b-2gpu-PPO-risk-baseline1-v3-cvarlower25-iqn-1,42,0.6156688376753507,0.6138135646292585,0.7098874175516388,0.779500313807217,0.8317727381306352,0.8715395337362685,0.9016893716437436,0.92510019765624,0.9428857715430862
525,250,qwen2.5-1.5b-2gpu-PPO-risk-baseline1-v3-cvarlower25-iqn-1,43,0.6115981963927856,0.6110189128256514,0.7096708180139808,0.7808208481079144,0.8345047649371461,0.8751193794548457,0.9040723619974108,0.9257345263252272,0.9418837675350702
526,250,qwen2.5-1.5b-2gpu-PPO-risk-baseline1-v3-cvarlower25-iqn-1,44,0.6167334669338678,0.6148860220440882,0.7114238319158,0.7802784690115139,0.8313712139047293,0.8700795288435834,0.8994762345740431,0.9220154407856556,0.939879759519038
507,250,qwen2.5-1.5b-2gpu-PPO-risk-baseline1-v3-cvarlower25-iqn-8,42,0.6983341683366734,0.6994301102204409,0.7717834783740709,0.8231861760641643,0.8623323613246759,0.8931497917345798,0.917898816011425,0.9359349101166686,0.9498997995991983
508,250,qwen2.5-1.5b-2gpu-PPO-risk-baseline1-v3-cvarlower25-iqn-8,43,0.7091057114228457,0.7090117735470942,0.7801942467612389,0.8303564772965504,0.8668971116321199,0.8949479775503402,0.917447239205347,0.9344453138824256,0.9458917835671342
509,250,qwen2.5-1.5b-2gpu-PPO-risk-baseline1-v3-cvarlower25-iqn-8,44,0.6915080160320641,0.6887838176352705,0.7652196617644738,0.8193215878701535,0.8603435059727029,0.892318361723893,0.9171601285023716,0.9343082157572576,0.9458917835671342
527,250,qwen2.5-1.5b-2gpu-PPO-risk-baseline1-v3-cvarupper25-iqn-1,42,0.6018286573146293,0.6027054108216433,0.6975274367632903,0.7672449276130062,0.8206810954588519,0.8632698996793143,0.8959927594108295,0.9212405501743056,0.939879759519038
528,250,qwen2.5-1.5b-2gpu-PPO-risk-baseline1-v3-cvarupper25-iqn-1,43,0.6092810621242485,0.6063063627254509,0.7028074357376168,0.7741609796270457,0.8295064602935847,0.8722551379353224,0.9035791521894702,0.9277300237940298,0.9498997995991983
529,250,qwen2.5-1.5b-2gpu-PPO-risk-baseline1-v3-cvarupper25-iqn-1,44,0.6114729458917836,0.6118800100200401,0.7108301248165622,0.7818088875538854,0.8345686088166411,0.8747063111684622,0.9051387377176102,0.92965648589789,0.9498997995991983
513,250,qwen2.5-1.5b-2gpu-PPO-risk-baseline1-v3-cvarupper25-iqn-8,42,0.6648922845691383,0.6684619238476954,0.7493446538746785,0.8074123379868098,0.8510113858419878,0.8852703319966586,0.9125349451979866,0.9330781392311344,0.9458917835671342
514,250,qwen2.5-1.5b-2gpu-PPO-risk-baseline1-v3-cvarupper25-iqn-8,43,0.687374749498998,0.6882984719438878,0.766068554431698,0.8216246093612045,0.8630360289029584,0.8955319669045222,0.9211566727288794,0.9394451014203316,0.9519038076152304
515,250,qwen2.5-1.5b-2gpu-PPO-risk-baseline1-v3-cvarupper25-iqn-8,44,0.6960170340681363,0.6949367484969939,0.7716350515992616,0.8257625380119069,0.8651756204182177,0.8949473335260804,0.9179435904465396,0.9356960531171294,0.9519038076152304
539,250,qwen2.5-1.5b-2gpu-PPO-v2-iqn-8,42,0.6851828657314629,0.6868424348697395,0.7643877814684488,0.8177742620599278,0.8566300066600314,0.8866978179585581,0.9110283386167722,0.9303163213908144,0.9458917835671342
540,250,qwen2.5-1.5b-2gpu-PPO-v2-iqn-8,43,0.6998997995991983,0.6987412324649298,0.7713917007242833,0.8238592907599976,0.8642819862207586,0.8959171969790404,0.920141026423221,0.9371174825035428,0.9478957915831664
537,250,qwen2.5-1.5b-2gpu-PPO-v3-iqn-8,42,0.6906938877755511,0.6917115480961924,0.7679224097801903,0.8209703852774917,0.8606201682167578,0.8917610286759224,0.9160409387111283,0.933556742462434,0.9478957915831664
554,250,qwen2.5-1.5b-2gpu-PPO-v3-iqn-8,42+1,0.6906938877755511,0.6909443887775552,0.7673548376280119,0.8204245442516078,0.8595956425795779,0.8909285439617389,0.916905808937363,0.9349935754882248,0.9458917835671342
538,250,qwen2.5-1.5b-2gpu-PPO-v3-iqn-8,43,0.6768537074148296,0.6782158066132264,0.7615526328247045,0.8193132231842762,0.8612145538284306,0.8932200337714021,0.9186804162984292,0.9370573448790064,0.9498997995991983
570,275,qwen2.5-1.5b-2gpu-GRPO,42,0.6797970941883767,0.6778870240480962,0.7618243376516813,0.818861768155734,0.8603802756075937,0.8921813192073692,0.917547764758172,0.9375042687446316,0.9559118236472944
571,275,qwen2.5-1.5b-2gpu-GRPO,43,0.6783567134268537,0.6790455911823647,0.7623384071292191,0.8199705442005121,0.861926105072082,0.8944560637098878,0.920299617481844,0.940572406364688,0.9559118236472944
572,275,qwen2.5-1.5b-2gpu-GRPO,44,0.6828031062124249,0.6857934619238477,0.764390247029492,0.8187925831039657,0.8598827769905878,0.8921711579923697,0.9173384928402596,0.9357361298544428,0.9498997995991983
592,275,qwen2.5-1.5b-2gpu-PPO,42,0.6107214428857716,0.6083573396793587,0.7034090326321935,0.7744553702455529,0.8290734744499639,0.8718827968686217,0.9044785616535488,0.9303768618763772,0.9519038076152304
590,275,qwen2.5-1.5b-2gpu-PPO,43,0.6229959919839679,0.625313126252505,0.7196043169015195,0.7864911350635279,0.8364683368367165,0.8758502828600517,0.9060610327515938,0.927181820795724,0.939879759519038
591,275,qwen2.5-1.5b-2gpu-PPO,44,0.6264403807615231,0.6306519288577155,0.7219973904501917,0.7856537625306856,0.8340823311010235,0.871714954026034,0.8996479920901448,0.9216349977069024,0.939879759519038
602,275,qwen2.5-1.5b-2gpu-PPO-2,42+1,0.6338301603206413,0.6294463927855711,0.7222478914521958,0.7897365997461739,0.8405379817861792,0.878180891491737,0.905575184419682,0.9276162810190348,0.9458917835671342
594,275,qwen2.5-1.5b-2gpu-PPO-C51,42,0.6194889779559118,0.6186278807615231,0.711176289587048,0.7777300106399526,0.8279658761736338,0.8670356061447864,0.8962840634566925,0.919030505915283,0.937875751503006
595,275,qwen2.5-1.5b-2gpu-PPO-C51,43,0.6078406813627254,0.6078563376753507,0.706603166963849,0.7779857561016296,0.8313471390114738,0.8717733516055113,0.9018706404283235,0.9248011683819766,0.9418837675350702
593,275,qwen2.5-1.5b-2gpu-PPO-C51,44,0.622432364729459,0.6202248246492986,0.7170088207911887,0.7852246359986566,0.834870119861063,0.8728410211809373,0.9033946051423256,0.9285719649609512,0.9498997995991983
596,275,qwen2.5-1.5b-2gpu-PPO-QRDQN,42,0.6313877755511023,0.6322175601202404,0.7252243167437237,0.7900264447154527,0.8376932277763904,0.8746487899229634,0.9036423871487836,0.9269980840956408,0.9478957915831664
597,275,qwen2.5-1.5b-2gpu-PPO-QRDQN,43,0.6107840681362725,0.6101891282565131,0.7039963292727186,0.7739928046945034,0.8275869241683615,0.8699495064591385,0.9027411188895128,0.9276864201585756,0.9458917835671342
598,275,qwen2.5-1.5b-2gpu-PPO-QRDQN,44,0.6096568136272545,0.610690130260521,0.7102085568775346,0.7823754646525898,0.8353011660146696,0.8741643283610555,0.9029731965098796,0.9266498870479362,0.9478957915831664
599,275,qwen2.5-1.5b-2gpu-PPO-iqn,42,0.6449148296593187,0.6446799849699398,0.7351711296608967,0.7980605981366559,0.8455597625995064,0.8823174305370888,0.91086630453085,0.9353114003248972,0.9579158316633266
600,275,qwen2.5-1.5b-2gpu-PPO-iqn,43,0.6132264529058116,0.616874373747495,0.7117793658182507,0.7830164340679862,0.8373310997745276,0.8776896430492095,0.9072201852093336,0.930742661771986,0.9498997995991983
601,275,qwen2.5-1.5b-2gpu-PPO-iqn,44,0.6120365731462926,0.6179076903807615,0.7164686163665914,0.7870642069666142,0.8397033457447021,0.8792158643673853,0.9086134788772116,0.931662149628372,0.9519038076152304
585,275,qwen2.5-1.5b-2gpu-PPO-reweight-baseline1-v1-cvarupper25-iqn-1,42,0.5904934869739479,0.5919964929859719,0.6918073351427264,0.7652862305037522,0.8216896844216224,0.8661026550039986,0.9006369373638418,0.9286761024494548,0.9559118236472944
568,275,qwen2.5-1.5b-2gpu-PPO-reweight-baseline1-v1-cvarupper25-iqn-1,43,0.5888652304609219,0.5850450901803608,0.6896982942262478,0.7671008851223257,0.824852764262097,0.8677996356146901,0.9002826115640021,0.9258737874149184,0.9458917835671342
569,275,qwen2.5-1.5b-2gpu-PPO-reweight-baseline1-v1-cvarupper25-iqn-1,44,0.6301352705410822,0.6278181362725451,0.7209307887428401,0.7861676110000279,0.8344851471159823,0.8710000565722115,0.8981028867819749,0.9193988874967672,0.937875751503006
582,275,qwen2.5-1.5b-2gpu-PPO-reweight-baseline1-v3-cvarupper25-iqn-1,42,0.5974448897795591,0.5975857965931863,0.6971943394663341,0.7709881153382881,0.8266162331680336,0.8700736873845621,0.904886488861632,0.9330606180994048,0.9539078156312624
583,275,qwen2.5-1.5b-2gpu-PPO-reweight-baseline1-v3-cvarupper25-iqn-1,43,0.6201778557114228,0.617500626252505,0.7151554585549051,0.7850852297019987,0.8364031250140629,0.8753058320610877,0.9049382265867516,0.9294683014916122,0.9519038076152304
584,275,qwen2.5-1.5b-2gpu-PPO-reweight-baseline1-v3-cvarupper25-iqn-1,44,0.6311372745490982,0.6280999498997996,0.7217868315370899,0.7866588912733604,0.8347229506021878,0.8725495966300234,0.9017637072748224,0.9246138517274776,0.9438877755511024
579,275,qwen2.5-1.5b-2gpu-PPO-reweight-baseline1-v3-cvarupper25-iqn-8,42,0.689190881763527,0.6872338426853707,0.765970425102173,0.8212609957447703,0.8617968112430971,0.8932481420567824,0.9190646960280188,0.939605648797296,0.9559118236472944
580,275,qwen2.5-1.5b-2gpu-PPO-reweight-baseline1-v3-cvarupper25-iqn-8,43,0.7051603206412825,0.704440130260521,0.772276344026636,0.8221940474499806,0.8607961337387781,0.8911750953831382,0.9155449592024096,0.934300747775039,0.9478957915831664
581,275,qwen2.5-1.5b-2gpu-PPO-reweight-baseline1-v3-cvarupper25-iqn-8,44,0.7106087174348698,0.7127692885771543,0.7815663314818614,0.8297577090814551,0.8644948245409835,0.8921341215751344,0.9157599680402536,0.936527896792915,0.9559118236472944
559,275,qwen2.5-1.5b-2gpu-PPO-risk-baseline1-v1-cvarlower25-iqn,42,0.6112850701402806,0.6130855460921844,0.7157661780253419,0.7881950342379547,0.8407539633500891,0.8807672159375148,0.9113818676086172,0.9354400443757482,0.9539078156312624
560,275,qwen2.5-1.5b-2gpu-PPO-risk-baseline1-v1-cvarlower25-iqn,43,0.6089679358717435,0.6101891282565131,0.7053622500907327,0.7747154922894156,0.8285708155531847,0.8715659041359164,0.9045164468015136,0.9283488751492368,0.9438877755511024
561,275,qwen2.5-1.5b-2gpu-PPO-risk-baseline1-v1-cvarlower25-iqn,44,0.6126002004008017,0.6124906062124249,0.7117381909488267,0.7815679563100705,0.8332398358668628,0.872588411929684,0.9028687844811196,0.9276989773993544,0.9478957915831664
565,275,qwen2.5-1.5b-2gpu-PPO-risk-baseline1-v1-cvarupper25-iqn,42,0.6079659318637275,0.6081068386773547,0.7086330633708361,0.7802787962501682,0.8332293171185667,0.8737956731531908,0.9050631212688868,0.9307823750021046,0.9579158316633266
566,275,qwen2.5-1.5b-2gpu-PPO-risk-baseline1-v1-cvarupper25-iqn,43,0.5999498997995992,0.6022200651302605,0.7021560345099648,0.7746950203368868,0.8295857829827803,0.8711548865202994,0.902195001052417,0.9263338897626524,0.9438877755511024
567,275,qwen2.5-1.5b-2gpu-PPO-risk-baseline1-v1-cvarupper25-iqn,44,0.5923096192384769,0.5947989729458918,0.6985528636012182,0.7753552457370684,0.8327083568161866,0.874748351104468,0.9046412453914572,0.9273792784695076,0.9458917835671342
573,275,qwen2.5-1.5b-2gpu-PPO-risk-baseline1-v3-cvarlower25-iqn-1,42,0.6284130761523046,0.626776991482966,0.7193162160936045,0.7867164669609185,0.8369054612296837,0.8743710806154179,0.9024512482238412,0.924081100950158,0.9418837675350702
574,275,qwen2.5-1.5b-2gpu-PPO-risk-baseline1-v3-cvarlower25-iqn-1,43,0.6122870741482966,0.6123653557114228,0.7089439706184021,0.7787402839048927,0.8310828908009731,0.8708068212597336,0.8996657498055048,0.9223740061470932,0.9418837675350702
575,275,qwen2.5-1.5b-2gpu-PPO-risk-baseline1-v3-cvarlower25-iqn-1,44,0.6186748496993988,0.6188001002004008,0.7171880670790399,0.7880257564247356,0.839598223700377,0.8764377323834311,0.9035623751107378,0.9252814535810906,0.9418837675350702
556,275,qwen2.5-1.5b-2gpu-PPO-risk-baseline1-v3-cvarlower25-iqn-8,42,0.7030310621242485,0.7027962174348698,0.7716892939422152,0.82075688854274,0.857684990865505,0.8872581281802714,0.9114591509280552,0.9285931676557824,0.937875751503006
557,275,qwen2.5-1.5b-2gpu-PPO-risk-baseline1-v3-cvarlower25-iqn-8,43,0.7107965931863728,0.7133798847695391,0.7814955698799172,0.8311829803213476,0.8681001184191712,0.8961888733766852,0.9180849200863492,0.9341584073653858,0.9458917835671342
558,275,qwen2.5-1.5b-2gpu-PPO-risk-baseline1-v3-cvarlower25-iqn-8,44,0.7038451903807615,0.6987882014028056,0.7721671196724158,0.8251048561314606,0.8653162877731739,0.8963158074691819,0.92072764885476,0.9387822454436404,0.9498997995991983
576,275,qwen2.5-1.5b-2gpu-PPO-risk-baseline1-v3-cvarupper25-iqn-1,42,0.6128507014028056,0.6141188627254509,0.7063265310147855,0.7736899823268584,0.8249939180613696,0.8655510238429084,0.8963509190246646,0.9205689760068362,0.9418837675350702
577,275,qwen2.5-1.5b-2gpu-PPO-risk-baseline1-v3-cvarupper25-iqn-1,43,0.6092810621242485,0.6129133266533067,0.7097142118883437,0.7803393164281318,0.8338886710230614,0.8750868373480857,0.905734004225109,0.9288198942543456,0.9478957915831664
578,275,qwen2.5-1.5b-2gpu-PPO-risk-baseline1-v3-cvarupper25-iqn-1,44,0.624686873747495,0.6225732715430862,0.7161863096271283,0.7827824830388185,0.8336032261316025,0.8725577348382485,0.9014913675620344,0.9244731904163326,0.9438877755511024
562,275,qwen2.5-1.5b-2gpu-PPO-risk-baseline1-v3-cvarupper25-iqn-8,42,0.6831162324649298,0.6838364228456913,0.7600535717103498,0.8146268359741606,0.8562398807540419,0.8897682119046433,0.9170339259244435,0.9380616578228071,0.9539078156312624
563,275,qwen2.5-1.5b-2gpu-PPO-risk-baseline1-v3-cvarupper25-iqn-8,43,0.6973321643286573,0.6983967935871743,0.7724834511542771,0.826140522514846,0.8665306174890678,0.897593989503821,0.9209391483063358,0.9362717043405326,0.9478957915831664
564,275,qwen2.5-1.5b-2gpu-PPO-risk-baseline1-v3-cvarupper25-iqn-8,44,0.7062875751503006,0.7047689128256514,0.7755471573067395,0.8263287827999456,0.8645711454584212,0.8950148751659723,0.9194936665692462,0.938699503273779,0.9559118236472944
588,275,qwen2.5-1.5b-2gpu-PPO-v2-iqn-8,42,0.6990230460921844,0.6969720691382766,0.7707940487273759,0.8242820468458476,0.8641281925526365,0.8944282113136757,0.9169338453889552,0.932179607799316,0.9438877755511024
589,275,qwen2.5-1.5b-2gpu-PPO-v2-iqn-8,43,0.7070390781563126,0.7052699148296593,0.7750676056838085,0.8259121850750619,0.8653524771019114,0.8957286805015285,0.9183758167736848,0.9343805466246126,0.9458917835671342
586,275,qwen2.5-1.5b-2gpu-PPO-v3-iqn-8,42,0.7012775551102205,0.70187249498998,0.7740843399397219,0.8247115866528708,0.8627721759073861,0.8926632055899676,0.9160876552502396,0.9336907411513256,0.9478957915831664
603,275,qwen2.5-1.5b-2gpu-PPO-v3-iqn-8,42+1,0.7047845691382766,0.7042209418837675,0.775323530920108,0.8255336800334828,0.8624645871790872,0.8907598806015217,0.9146367443520406,0.9344499391076234,0.9498997995991983
587,275,qwen2.5-1.5b-2gpu-PPO-v3-iqn-8,43,0.6899423847695391,0.6898954158316634,0.7692175689962603,0.8232005185849764,0.8615468545431274,0.8902767771662697,0.9126207856357724,0.9298456942255532,0.9438877755511024
618,300,qwen2.5-1.5b-2gpu-GRPO,42,0.6809243486973948,0.6798910320641283,0.7636246903255329,0.8192947591846611,0.8600392883206702,0.8926347364436426,0.9189462648286694,0.938173803375264,0.9498997995991983
619,300,qwen2.5-1.5b-2gpu-GRPO,43,0.6886272545090181,0.687374749498998,0.767360015306203,0.8222309452049956,0.8619786804322729,0.892782082992612,0.916846142402114,0.9340743684509544,0.9438877755511024
620,300,qwen2.5-1.5b-2gpu-GRPO,44,0.68812625250501,0.6903651052104208,0.7667330231328799,0.819157369857826,0.8580991278399084,0.8888922603674484,0.9143149284905198,0.933347222946132,0.9458917835671342
640,300,qwen2.5-1.5b-2gpu-PPO,42,0.6089679358717435,0.6116138527054108,0.7058770592365834,0.7757580378229275,0.8290847405021997,0.8698657750141776,0.900148352105218,0.9244459197731328,0.9458917835671342
638,300,qwen2.5-1.5b-2gpu-PPO,43,0.6304483967935872,0.631497369739479,0.7244405148880438,0.7906849897770795,0.8400608597152888,0.878985160621254,0.907919296785912,0.9273668831521572,0.9418837675350702
639,300,qwen2.5-1.5b-2gpu-PPO,44,0.6409694388777555,0.6422219438877755,0.7300205726413458,0.7923315968269498,0.8403211622377237,0.8790720953843387,0.9101692503893276,0.9349029389283692,0.9539078156312624
650,300,qwen2.5-1.5b-2gpu-PPO-2,42+1,0.6312625250501002,0.6320296843687375,0.7253956732362362,0.7928990414274368,0.8436356338416549,0.8825249657355988,0.9120865272976282,0.9353736716632064,0.9539078156312624
642,300,qwen2.5-1.5b-2gpu-PPO-C51,42,0.6320140280561122,0.6300726452905812,0.7209071193568239,0.7866268318414106,0.8364533086483085,0.8745029671751302,0.9033163239923768,0.9264200473544,0.9438877755511024
643,300,qwen2.5-1.5b-2gpu-PPO-C51,43,0.6131638276553106,0.6103613476953907,0.7091900336105282,0.7807264119540167,0.8338442646018677,0.8747350040946207,0.9066887411294434,0.9318721258462662,0.9519038076152304
641,300,qwen2.5-1.5b-2gpu-PPO-C51,44,0.6219313627254509,0.6208510771543087,0.7184220803812349,0.7882540904831785,0.8406871669239644,0.8816198481578398,0.9130383100417716,0.9372215136855258,0.9559118236472944
644,300,qwen2.5-1.5b-2gpu-PPO-QRDQN,42,0.6391533066132264,0.6368048597194389,0.7306108279551228,0.7962400197846011,0.8450401041382847,0.8828425127334046,0.912249407087726,0.9351940272669144,0.9519038076152304
645,300,qwen2.5-1.5b-2gpu-PPO-QRDQN,43,0.6145415831663327,0.6114886022044088,0.7065050376343238,0.7759750141452759,0.8285483049553278,0.8685494906022035,0.8976009948614488,0.919186858557576,0.937875751503006
646,300,qwen2.5-1.5b-2gpu-PPO-QRDQN,44,0.6169213426853707,0.617438001002004,0.71683598496205,0.7880849691509002,0.8404867987489193,0.8789720822518134,0.90852920527766,0.9338518412814922,0.9559118236472944
647,300,qwen2.5-1.5b-2gpu-PPO-iqn,42,0.6605711422845691,0.658191382765531,0.744769805358749,0.8039230048022554,0.8482793595198982,0.8823411130174377,0.9088705683750956,0.9310436777935956,0.9519038076152304
648,300,qwen2.5-1.5b-2gpu-PPO-iqn,43,0.6224949899799599,0.6214929859719439,0.7121119700029981,0.7787286002451096,0.8294618599878066,0.8671149304164129,0.8940817068806549,0.9166332114484088,0.937875751503006
649,300,qwen2.5-1.5b-2gpu-PPO-iqn,44,0.6173597194388778,0.6177667835671342,0.7171878205229357,0.7878518369697776,0.8405182142743663,0.8809399326480705,0.9121014417910648,0.9354442190789002,0.9498997995991983
633,300,qwen2.5-1.5b-2gpu-PPO-reweight-baseline1-v1-cvarupper25-iqn-1,42,0.5962550100200401,0.5969438877755511,0.6986177078566581,0.773159837297392,0.8294533800141145,0.8732989734257091,0.9067425203379288,0.9322760165000074,0.9519038076152304
616,300,qwen2.5-1.5b-2gpu-PPO-reweight-baseline1-v1-cvarupper25-iqn-1,43,0.5995115230460922,0.6023922845691383,0.7034857115806415,0.7771113661518764,0.8309798224259478,0.8708145214101028,0.9005784563808428,0.9235477425248,0.9418837675350702
617,300,qwen2.5-1.5b-2gpu-PPO-reweight-baseline1-v1-cvarupper25-iqn-1,44,0.6314504008016032,0.632499373747495,0.7264423038991369,0.7917778355736594,0.839965049642119,0.8766890536584597,0.9051043049724454,0.9284950049748186,0.9498997995991983
630,300,qwen2.5-1.5b-2gpu-PPO-reweight-baseline1-v3-cvarupper25-iqn-1,42,0.6142910821643287,0.6156531813627254,0.7107347076041848,0.7799158241492359,0.8311085832661003,0.8687215093824701,0.8977039113852606,0.9212355524631336,0.939879759519038
631,300,qwen2.5-1.5b-2gpu-PPO-reweight-baseline1-v3-cvarupper25-iqn-1,43,0.6274423847695391,0.623935370741483,0.7190833438530604,0.786393662089834,0.8369194641451074,0.8771718229576778,0.9081878423620215,0.932061202786558,0.9519038076152304
632,300,qwen2.5-1.5b-2gpu-PPO-reweight-baseline1-v3-cvarupper25-iqn-1,44,0.6320766533066132,0.6330316883767535,0.7229631507108705,0.7855769531188361,0.8326563197107364,0.870019257723698,0.8999426450049804,0.9243246582328348,0.939879759519038
627,300,qwen2.5-1.5b-2gpu-PPO-reweight-baseline1-v3-cvarupper25-iqn-8,42,0.6990856713426854,0.6985377004008017,0.7739738828049801,0.8268459795481476,0.8646251182391009,0.8933052260219124,0.9158633684740768,0.933502923473038,0.9498997995991983
628,300,qwen2.5-1.5b-2gpu-PPO-reweight-baseline1-v3-cvarupper25-iqn-8,43,0.7052229458917836,0.7055204158316634,0.774015797342717,0.8237913894906422,0.8615869703013304,0.8918376245137654,0.9171022788497244,0.9376699988566788,0.9519038076152304
629,300,qwen2.5-1.5b-2gpu-PPO-reweight-baseline1-v3-cvarupper25-iqn-8,44,0.7176227454909819,0.7172626503006012,0.7849685591655753,0.8340256824109411,0.8698773634742735,0.8980021358124242,0.9212510098865132,0.939089373052364,0.9519038076152304
607,300,qwen2.5-1.5b-2gpu-PPO-risk-baseline1-v1-cvarlower25-iqn,42,0.6261272545090181,0.6231525551102205,0.7230723750650908,0.7922772205453277,0.8414852077457718,0.8786252507311153,0.9074834356713756,0.9291316331965528,0.9458917835671342
608,300,qwen2.5-1.5b-2gpu-PPO-risk-baseline1-v1-cvarlower25-iqn,43,0.6208041082164328,0.6186435370741483,0.7111294439272245,0.777905784948224,0.8289631197345652,0.8689257350478685,0.8990230469354342,0.9212707738434144,0.937875751503006
609,300,qwen2.5-1.5b-2gpu-PPO-risk-baseline1-v1-cvarlower25-iqn,44,0.624749498997996,0.6245929358717435,0.7179353786312783,0.7834648276680846,0.832817122071194,0.8717995409203088,0.9028798478258172,0.9272737642641196,0.9418837675350702
613,300,qwen2.5-1.5b-2gpu-PPO-risk-baseline1-v1-cvarupper25-iqn,42,0.6126628256513026,0.6119896042084169,0.7086478567370962,0.7791707582769588,0.8315236238324467,0.8710597421162721,0.9014953108050282,0.9278431817693552,0.9519038076152304
614,300,qwen2.5-1.5b-2gpu-PPO-risk-baseline1-v1-cvarupper25-iqn,43,0.6191132264529058,0.6223540831663327,0.7176331008473641,0.7851121224451152,0.835327020602476,0.8725765167517284,0.8999883203110337,0.9215698844950276,0.939879759519038
615,300,qwen2.5-1.5b-2gpu-PPO-risk-baseline1-v1-cvarupper25-iqn,44,0.5884894789579158,0.5890531062124249,0.6926838420936362,0.7705099202905248,0.8292886321677811,0.8727483689373015,0.9031391408684816,0.9250668079850346,0.9418837675350702
621,300,qwen2.5-1.5b-2gpu-PPO-risk-baseline1-v3-cvarlower25-iqn-1,42,0.6320766533066132,0.630847632765531,0.7232952617834093,0.7891782857052688,0.8373735394072837,0.8737203122681446,0.9013671494221028,0.9214120887276414,0.934869739478958
622,300,qwen2.5-1.5b-2gpu-PPO-risk-baseline1-v3-cvarlower25-iqn-1,43,0.6223071142284569,0.6225419589178357,0.7161540107774604,0.7841363339727825,0.8351977561318935,0.8731964317213055,0.900420196506964,0.920314229757748,0.935871743486974
623,300,qwen2.5-1.5b-2gpu-PPO-risk-baseline1-v3-cvarlower25-iqn-1,44,0.6271918837675351,0.6325306863727455,0.7228186688337305,0.7880391702039249,0.8374429210732084,0.8743953400052709,0.90237436229893,0.9244804051462648,0.939879759519038
604,300,qwen2.5-1.5b-2gpu-PPO-risk-baseline1-v3-cvarlower25-iqn-8,42,0.7114854709418837,0.7069607965931863,0.7754574108847616,0.8248748962116208,0.8626877067756133,0.8925231383211217,0.9153655225798,0.932426571745348,0.9438877755511024
605,300,qwen2.5-1.5b-2gpu-PPO-risk-baseline1-v3-cvarlower25-iqn-8,43,0.7168712424849699,0.7139591683366734,0.7802329560696195,0.8292075619179868,0.8663041558424153,0.8945814584664781,0.9162875131362824,0.93367078020321,0.9478957915831664
606,300,qwen2.5-1.5b-2gpu-PPO-risk-baseline1-v3-cvarlower25-iqn-8,44,0.7017785571142284,0.7023421843687375,0.7728133432218768,0.8242873412742245,0.8641657399674229,0.8952974483628321,0.9183689358846528,0.9344954406685396,0.9458917835671342
624,300,qwen2.5-1.5b-2gpu-PPO-risk-baseline1-v3-cvarupper25-iqn-1,42,0.6198647294589178,0.6223853957915831,0.7147917883010115,0.7815841172408559,0.8325085705741921,0.8725049876158452,0.903218542993138,0.9282665371427632,0.9498997995991983
625,300,qwen2.5-1.5b-2gpu-PPO-risk-baseline1-v3-cvarupper25-iqn-1,43,0.6121618236472945,0.6143693637274549,0.7097080479857353,0.7788971146267037,0.8310639144074561,0.8703428219194007,0.8989113430818128,0.9204892991789496,0.937875751503006
626,300,qwen2.5-1.5b-2gpu-PPO-risk-baseline1-v3-cvarupper25-iqn-1,44,0.6289453907815631,0.6274423847695391,0.7229882994335126,0.7904434822025002,0.8398890105885952,0.877728188792745,0.9077420116259765,0.9310370935558512,0.9478957915831664
610,300,qwen2.5-1.5b-2gpu-PPO-risk-baseline1-v3-cvarupper25-iqn-8,42,0.6970816633266533,0.6990856713426854,0.7713300616981996,0.821510960052839,0.8584517739197228,0.8881957403938974,0.9124963962184452,0.9304503003558336,0.9418837675350702
611,300,qwen2.5-1.5b-2gpu-PPO-risk-baseline1-v3-cvarupper25-iqn-8,43,0.7078532064128257,0.7059901052104208,0.7766492630931154,0.8281881932218392,0.8670866074916211,0.8975043205501924,0.9213817070170008,0.9382045375325756,0.9519038076152304
612,300,qwen2.5-1.5b-2gpu-PPO-risk-baseline1-v3-cvarupper25-iqn-8,44,0.7110470941883767,0.7104521543086172,0.7801789602827702,0.830569995446461,0.8680142627936235,0.8965915222628508,0.9174197523207082,0.9314157996051526,0.9418837675350702
636,300,qwen2.5-1.5b-2gpu-PPO-v2-iqn-8,42,0.7022795591182365,0.7029214679358717,0.7746356393890144,0.8256156707866426,0.8630878819728275,0.8918294883089684,0.9138723764982548,0.9322931802148308,0.9498997995991983
637,300,qwen2.5-1.5b-2gpu-PPO-v2-iqn-8,43,0.7061623246492986,0.7067572645290581,0.7746955525223677,0.8234787845281865,0.8615662896875265,0.8909671602759706,0.9125893242119674,0.927963692829525,0.937875751503006
634,300,qwen2.5-1.5b-2gpu-PPO-v3-iqn-8,42,0.7118612224448898,0.7122682865731463,0.7801345801839901,0.8286407999726487,0.8656450718449794,0.894622422473754,0.9169398164120224,0.9326041137106494,0.9438877755511024
651,300,qwen2.5-1.5b-2gpu-PPO-v3-iqn-8,42+1,0.7133016032064128,0.7105617484969939,0.779556899231534,0.830137051756306,0.8679409915303261,0.8962350539237297,0.917784956719053,0.9345396092392918,0.9498997995991983
635,300,qwen2.5-1.5b-2gpu-PPO-v3-iqn-8,43,0.7036573146292585,0.7050507264529058,0.7783546916667982,0.8300355563019552,0.8678696946296939,0.8963563775354128,0.9183937315026824,0.9366275233226642,0.9539078156312624
652,314,qwen2.5-1.5b-2gpu-GRPO,42,0.6881888777555111,0.6859030561122245,0.7675715604437222,0.8221966247831246,0.8615838007895547,0.8916298488008225,0.9149518478232352,0.9322101603599584,0.9438877755511024
653,314,qwen2.5-1.5b-2gpu-GRPO,43,0.686623246492986,0.6867798096192385,0.7652645349754628,0.8187379793332447,0.8574799932284698,0.8869197004555653,0.9104320544869866,0.9286720203789668,0.9438877755511024
654,314,qwen2.5-1.5b-2gpu-GRPO,44,0.6948897795591182,0.6934807114228457,0.769693422277626,0.8225666343936466,0.8613313036279333,0.8915992936443304,0.915926477637273,0.9337631877426712,0.9458917835671342
684,325,qwen2.5-1.5b-2gpu-PPO,42,0.6182990981963928,0.6173597194388778,0.7117014540892809,0.7809683745067938,0.83295646394419,0.8733020912551018,0.9037855162269108,0.9278749871356586,0.9498997995991983
682,325,qwen2.5-1.5b-2gpu-PPO,43,0.6413451903807615,0.6404214679358717,0.7327376209111136,0.7983174658277936,0.8481602207701888,0.8870435063150307,0.9158404803805572,0.9367436284904016,0.9559118236472944
683,325,qwen2.5-1.5b-2gpu-PPO,44,0.6477329659318637,0.6462769288577155,0.7308825327820997,0.7916542293435765,0.8387131806252748,0.8746916302725843,0.9027529587613222,0.9262795275525793,0.9458917835671342
686,325,qwen2.5-1.5b-2gpu-PPO-C51,42,0.6360220440881763,0.6394977454909819,0.7282308218799805,0.7926975879017127,0.8414846936670981,0.8782332820738086,0.9065154298400704,0.928875298682046,0.9458917835671342
687,325,qwen2.5-1.5b-2gpu-PPO-C51,43,0.6172344689378757,0.6184556613226453,0.7168137949126601,0.7880182165981757,0.8412145495956714,0.8819142844314976,0.9133769890749482,0.9376069428595496,0.9559118236472944
685,325,qwen2.5-1.5b-2gpu-PPO-C51,44,0.6295090180360722,0.6322175601202404,0.7249565568144163,0.7895068047606275,0.8365825324707903,0.8732911916937615,0.9020654837218856,0.9253967748361558,0.9478957915831664
688,325,qwen2.5-1.5b-2gpu-PPO-QRDQN,42,0.6513652304609219,0.6477799348697395,0.7379725001183469,0.8008671536924619,0.8477764548552962,0.8841501133147627,0.9123166906854704,0.9339403351776416,0.9519038076152304
689,325,qwen2.5-1.5b-2gpu-PPO-QRDQN,43,0.623997995991984,0.6247808116232465,0.7176454286525807,0.7843736622100594,0.8338720183380701,0.8723260075729135,0.9005005072608068,0.9205134101460154,0.937875751503006
690,325,qwen2.5-1.5b-2gpu-PPO-QRDQN,44,0.623684869739479,0.6232464929859719,0.7207241747274076,0.7901812868331338,0.8417135911660902,0.8807356208438916,0.9097306252374496,0.931348719281774,0.9478957915831664
691,325,qwen2.5-1.5b-2gpu-PPO-iqn,43,0.6288201402805611,0.6255323146292585,0.710829138592145,0.7741954296669831,0.8239011691054137,0.8636131644389654,0.8940147009993713,0.9193012496541616,0.9418837675350702
692,325,qwen2.5-1.5b-2gpu-PPO-iqn,44,0.6320140280561122,0.6286479208416834,0.7264551248165623,0.7951167654018197,0.8449015905983591,0.8818610700930231,0.9099476695014792,0.9323914271119232,0.9539078156312624
681,325,qwen2.5-1.5b-2gpu-PPO-reweight-baseline1-v1-cvarupper25-iqn-1,42,0.6028306613226453,0.6045215430861723,0.7034408383696528,0.7751071809911537,0.8295819696627627,0.871501724371002,0.9024175965273046,0.9266250392664176,0.9458917835671342
667,325,qwen2.5-1.5b-2gpu-PPO-reweight-baseline1-v1-cvarupper25-iqn-1,43,0.6084043086172345,0.6046311372745491,0.7044561564073027,0.7779189828851555,0.83295796319247,0.8738771761973987,0.9042258994265306,0.928939901033486,0.9519038076152304
668,325,qwen2.5-1.5b-2gpu-PPO-reweight-baseline1-v1-cvarupper25-iqn-1,44,0.6471693386773547,0.6461673346693386,0.7346735794423492,0.7963163415319578,0.8418812735528592,0.8769635249695745,0.9042098807415896,0.9254796219129432,0.9418837675350702
678,325,qwen2.5-1.5b-2gpu-PPO-reweight-baseline1-v3-cvarupper25-iqn-1,42,0.6124123246492986,0.6144946142284569,0.7119687209063796,0.7829252393050068,0.8347561247201439,0.8738660338137205,0.9043518486903712,0.9288633618341872,0.9478957915831664
679,325,qwen2.5-1.5b-2gpu-PPO-reweight-baseline1-v3-cvarupper25-iqn-1,43,0.6308241482965932,0.6327811873747495,0.7224056873589699,0.7864194436867736,0.835537137805087,0.8748389184366542,0.9060432801764214,0.93182858393475,0.9539078156312624
680,325,qwen2.5-1.5b-2gpu-PPO-reweight-baseline1-v3-cvarupper25-iqn-1,44,0.6394664328657315,0.6401083416833667,0.7309525547157307,0.7939416185201298,0.8402516392878453,0.8753989985594551,0.9019141699521256,0.922095751346748,0.937875751503006
675,325,qwen2.5-1.5b-2gpu-PPO-reweight-baseline1-v3-cvarupper25-iqn-8,42,0.7043461923847696,0.7063188877755511,0.7769604168967857,0.8268423874370414,0.8633563426149015,0.8925070689678677,0.916130349572295,0.9343633779182624,0.9478957915831664
676,325,qwen2.5-1.5b-2gpu-PPO-reweight-baseline1-v3-cvarupper25-iqn-8,43,0.7087925851703407,0.7077905811623246,0.7748168581257002,0.8233544494312961,0.8600279020031227,0.8893878219187881,0.9131005008821732,0.9316194626658044,0.9458917835671342
677,325,qwen2.5-1.5b-2gpu-PPO-reweight-baseline1-v3-cvarupper25-iqn-8,44,0.7236973947895792,0.7205348196392786,0.7858226295109905,0.8333010152288078,0.8681122564982134,0.8940204484901,0.9146096639632564,0.932954876527734,0.9478957915831664
658,325,qwen2.5-1.5b-2gpu-PPO-risk-baseline1-v1-cvarlower25-iqn,42,0.6387775551102205,0.6407189378757515,0.7355091580799394,0.801272571953055,0.8491674713938463,0.8853872639873621,0.912946726812838,0.9355404185970636,0.9539078156312624
659,325,qwen2.5-1.5b-2gpu-PPO-risk-baseline1-v1-cvarlower25-iqn,43,0.625125250501002,0.6232621492985972,0.7140935414135356,0.7797623375735347,0.8294386040876426,0.867708040802328,0.8970597663371132,0.9207808653338332,0.939879759519038
660,325,qwen2.5-1.5b-2gpu-PPO-risk-baseline1-v1-cvarlower25-iqn,44,0.6335170340681363,0.6332039078156313,0.7243547133637354,0.7888699376631028,0.8383755049368831,0.876404208287853,0.9040509105182296,0.9261701331772164,0.9458917835671342
664,325,qwen2.5-1.5b-2gpu-PPO-risk-baseline1-v1-cvarupper25-iqn,42,0.625125250501002,0.6254696893787575,0.7177277783914285,0.783597187813948,0.8331370642680326,0.8708543278472082,0.8994992356375412,0.9218280520165952,0.939879759519038
665,325,qwen2.5-1.5b-2gpu-PPO-risk-baseline1-v1-cvarupper25-iqn,43,0.6285070140280561,0.626189879759519,0.7223442948889905,0.7903314673967358,0.8410503379476469,0.8799147955323398,0.909351343603099,0.9315774976226244,0.9519038076152304
666,325,qwen2.5-1.5b-2gpu-PPO-risk-baseline1-v1-cvarupper25-iqn,44,0.5961923847695391,0.5955348196392786,0.6977951966925977,0.7742063442595728,0.8316973313934016,0.8740244711717022,0.9051248542248838,0.928553298670155,0.9478957915831664
669,325,qwen2.5-1.5b-2gpu-PPO-risk-baseline1-v3-cvarlower25-iqn-1,42,0.6368987975951903,0.6381747870741483,0.7299155397408992,0.7956679135361087,0.8449540112715509,0.8819312575507623,0.9096430208578876,0.9310468929752634,0.9478957915831664
670,325,qwen2.5-1.5b-2gpu-PPO-risk-baseline1-v3-cvarlower25-iqn-1,43,0.6268787575150301,0.6308398046092184,0.7251895523330125,0.7929237920911187,0.8434618066147013,0.8809955654331078,0.9084467066014014,0.9299308625570464,0.9498997995991983
671,325,qwen2.5-1.5b-2gpu-PPO-risk-baseline1-v3-cvarlower25-iqn-1,44,0.6374624248496994,0.6424254759519038,0.7326062065075032,0.7964985899808615,0.8450326186546033,0.8821083203054758,0.9107854640745816,0.9330638538781454,0.9478957915831664
655,325,qwen2.5-1.5b-2gpu-PPO-risk-baseline1-v3-cvarlower25-iqn-8,42,0.7114228456913828,0.7091526803607214,0.776696108752939,0.8259360447554277,0.8642883749007418,0.8949693173828358,0.91862060995896,0.9354377210802196,0.9478957915831664
656,325,qwen2.5-1.5b-2gpu-PPO-risk-baseline1-v3-cvarlower25-iqn-8,43,0.7160571142284569,0.7187656563126252,0.7845161287141211,0.8333010221793419,0.8700608454236053,0.8971863653811608,0.9166986694290992,0.9309051181429536,0.9418837675350702
657,325,qwen2.5-1.5b-2gpu-PPO-risk-baseline1-v3-cvarlower25-iqn-8,44,0.7076653306613226,0.7071017034068137,0.773857508323734,0.8228032685167861,0.8608533766283708,0.8923863640632231,0.9170349446519636,0.9328778581722916,0.939879759519038
672,325,qwen2.5-1.5b-2gpu-PPO-risk-baseline1-v3-cvarupper25-iqn-1,42,0.6322019038076152,0.6307928356713427,0.7196173843750494,0.7832780942462353,0.8318724133718689,0.8696664011333741,0.8986535323425513,0.9221782016866316,0.939879759519038
673,325,qwen2.5-1.5b-2gpu-PPO-risk-baseline1-v3-cvarupper25-iqn-1,43,0.625,0.6241702154308617,0.7175665306991936,0.7855459978825292,0.8356064740434016,0.873172335017255,0.9027004586772174,0.9285766807772028,0.9498997995991983
674,325,qwen2.5-1.5b-2gpu-PPO-risk-baseline1-v3-cvarupper25-iqn-1,44,0.6382139278557114,0.6373528306613226,0.7302718133116627,0.7967574258002319,0.8459876566586322,0.8836210562336858,0.9136990695158468,0.9387704954732736,0.9619238476953909
661,325,qwen2.5-1.5b-2gpu-PPO-risk-baseline1-v3-cvarupper25-iqn-8,42,0.7064754509018036,0.7062406062124249,0.7763906257396682,0.8257661802795693,0.8625446043004147,0.8917650222369561,0.914496713224234,0.9316862361002808,0.9458917835671342
662,325,qwen2.5-1.5b-2gpu-PPO-risk-baseline1-v3-cvarupper25-iqn-8,43,0.7020916833667334,0.703062374749499,0.7747446171871302,0.8266369854444547,0.8657582897233279,0.8954727257410076,0.91703569489783,0.930478061682418,0.939879759519038
663,325,qwen2.5-1.5b-2gpu-PPO-risk-baseline1-v3-cvarupper25-iqn-8,44,0.7124248496993988,0.7118925350701403,0.7793855427390214,0.8288994056729884,0.8660261075393844,0.8947287903904229,0.9160978091667124,0.9319627675810568,0.9458917835671342
693,325,qwen2.5-1.5b-2gpu-PPO-v3-iqn-8,42+1,0.7163702404809619,0.7171530561122245,0.7835025365692014,0.8308911084260759,0.8654659491524562,0.8921971527294771,0.9143891029760188,0.932241047374113,0.9478957915831664
723,350,qwen2.5-1.5b-2gpu-PPO,42,0.6139153306613226,0.6151208667334669,0.7104716322408597,0.7806865057448982,0.8335220761460819,0.8745355341570028,0.9063544039776744,0.9309721518022774,0.9498997995991983
721,350,qwen2.5-1.5b-2gpu-PPO,43,0.6473572144288577,0.6471380260521042,0.7358476796111909,0.7975114375733093,0.8437198722352182,0.8799878768891002,0.908093361180932,0.930403860213182,0.9478957915831664
722,350,qwen2.5-1.5b-2gpu-PPO,44,0.6517409819639278,0.6512243236472945,0.7371095537531757,0.7983896955891536,0.8451677873123816,0.881275548583172,0.9092689428698812,0.9308481855497164,0.9438877755511024
725,350,qwen2.5-1.5b-2gpu-PPO-C51,42,0.6442259519038076,0.6434274799599199,0.730132755668818,0.7911300033512845,0.8369154013545985,0.8731504118315615,0.9039418572661786,0.9309387085004844,0.9519038076152304
726,350,qwen2.5-1.5b-2gpu-PPO-C51,43,0.6442259519038076,0.641126002004008,0.7324474243763117,0.7967970081520371,0.8453828770192663,0.8836396145265676,0.9144842627993168,0.9405175171041014,0.9619238476953909
724,350,qwen2.5-1.5b-2gpu-PPO-C51,44,0.6420340681362725,0.642566382765531,0.7334711253215092,0.7964282184541562,0.8433304749640148,0.8802500691340445,0.9114196760802774,0.9377246436794344,0.9559118236472944
727,350,qwen2.5-1.5b-2gpu-PPO-QRDQN,42,0.6529308617234469,0.65687625250501,0.7447710381392707,0.8055415209872313,0.850716731323021,0.8866875935632388,0.9163059606461312,0.93863319207036,0.9519038076152304
728,350,qwen2.5-1.5b-2gpu-PPO-QRDQN,43,0.6387149298597194,0.6369927354709419,0.7263653783945845,0.790863657386013,0.83987667898432,0.8789031832783626,0.9094372861634789,0.933092697786572,0.9539078156312624
729,350,qwen2.5-1.5b-2gpu-PPO-QRDQN,44,0.62374749498998,0.6261742234468938,0.7227486469000994,0.7905986942013009,0.8396819549366648,0.8766790679760035,0.9058230793271844,0.9290772158240632,0.9418837675350702
730,350,qwen2.5-1.5b-2gpu-PPO-iqn,43,0.6373997995991983,0.6365230460921844,0.7223132288198445,0.7845273866067343,0.8322209529905079,0.8680446857179593,0.8953810141127851,0.9191543139241082,0.939879759519038
731,350,qwen2.5-1.5b-2gpu-PPO-iqn,44,0.6373371743486974,0.6372119238476954,0.7326140963028419,0.7994006582719244,0.8483810617597449,0.8856055443890037,0.9146039597363286,0.936611225180086,0.9498997995991983
720,350,qwen2.5-1.5b-2gpu-PPO-reweight-baseline1-v1-cvarupper25-iqn-1,42,0.6166082164328658,0.6148077404809619,0.7127609056696069,0.7836477461860354,0.8361637609449787,0.8744494791709091,0.901242326931185,0.9206341957645,0.933867735470942
706,350,qwen2.5-1.5b-2gpu-PPO-reweight-baseline1-v1-cvarupper25-iqn-1,43,0.6139779559118237,0.6125219188376754,0.7120789314850173,0.7853633241360861,0.8398384758269577,0.880310491935608,0.9115721389073432,0.9363801186099306,0.9559118236472944
707,350,qwen2.5-1.5b-2gpu-PPO-reweight-baseline1-v1-cvarupper25-iqn-1,44,0.6506137274549099,0.6490794088176353,0.7360639093146923,0.797093487312082,0.8420483083901303,0.8764352747434726,0.9039734157731404,0.9271688646374364,0.9478957915831664
717,350,qwen2.5-1.5b-2gpu-PPO-reweight-baseline1-v3-cvarupper25-iqn-1,42,0.627567635270541,0.6276615731462926,0.7195646213687217,0.78720492973198,0.8383960611480125,0.8768323376688795,0.9043759330848754,0.924036567661126,0.937875751503006
718,350,qwen2.5-1.5b-2gpu-PPO-reweight-baseline1-v3-cvarupper25-iqn-1,43,0.6390280561122245,0.6355210420841684,0.7228314897511557,0.7849595595390255,0.8324888271293693,0.8700927086882272,0.9001552045741812,0.9268359868553732,0.9498997995991983
719,350,qwen2.5-1.5b-2gpu-PPO-reweight-baseline1-v3-cvarupper25-iqn-1,44,0.6499874749498998,0.6496586923847696,0.7396695457844824,0.801716733241511,0.8473375972496054,0.8821509385234161,0.9089381879896103,0.9315029244231244,0.9498997995991983
714,350,qwen2.5-1.5b-2gpu-PPO-reweight-baseline1-v3-cvarupper25-iqn-8,42,0.7082915831663327,0.7114541583166333,0.7796123743550093,0.8284809465199615,0.8655702332949469,0.8953217784141183,0.9192385872584916,0.938325942273556,0.9539078156312624
715,350,qwen2.5-1.5b-2gpu-PPO-reweight-baseline1-v3-cvarupper25-iqn-8,43,0.7113602204408818,0.7129884769539078,0.779260785350228,0.8276296546974715,0.8646852113218558,0.8943061450016778,0.917660097763598,0.9348006261266322,0.9458917835671342
716,350,qwen2.5-1.5b-2gpu-PPO-reweight-baseline1-v3-cvarupper25-iqn-8,44,0.7255761523046093,0.724307990981964,0.7872802691998169,0.8337999538634825,0.8688776107939745,0.8949934362644872,0.9144221590607068,0.9289785885841528,0.9418837675350702
697,350,qwen2.5-1.5b-2gpu-PPO-risk-baseline1-v1-cvarlower25-iqn,42,0.6600075150300602,0.6587550100200401,0.743655864879365,0.8017741865433153,0.8459160020908343,0.8805206997767796,0.9063024085633608,0.9254851195046842,0.939879759519038
698,350,qwen2.5-1.5b-2gpu-PPO-risk-baseline1-v1-cvarlower25-iqn,43,0.6334544088176353,0.6340963176352705,0.7199578783551355,0.782118119628834,0.8302591606874692,0.8681130520166837,0.8965502444247981,0.9196298439539408,0.937875751503006
699,350,qwen2.5-1.5b-2gpu-PPO-risk-baseline1-v1-cvarlower25-iqn,44,0.6392159318637275,0.6429734468937875,0.7323660608618813,0.7943392581939283,0.8415136646768753,0.8785393962823966,0.9071449126508754,0.9302590588568748,0.9498997995991983
703,350,qwen2.5-1.5b-2gpu-PPO-risk-baseline1-v1-cvarupper25-iqn,42,0.6332039078156313,0.6325933116232465,0.7244407614441482,0.7884095947801115,0.8347500333843889,0.8703323325039628,0.8997914580093705,0.9251829492517092,0.9458917835671342
704,350,qwen2.5-1.5b-2gpu-PPO-risk-baseline1-v1-cvarupper25-iqn,43,0.6352705410821643,0.6361003256513026,0.723228691635239,0.7850958666489335,0.8334633118772046,0.8722904024984334,0.9019739661429824,0.9252944671968956,0.9438877755511024
705,350,qwen2.5-1.5b-2gpu-PPO-risk-baseline1-v1-cvarupper25-iqn,44,0.6117234468937875,0.6096098446893787,0.7082827071465766,0.7814299425622899,0.8367067086784042,0.8781621110841814,0.9092089639488256,0.9342407430506826,0.9559118236472944
708,350,qwen2.5-1.5b-2gpu-PPO-risk-baseline1-v3-cvarlower25-iqn-1,42,0.6445390781563126,0.6452984093186372,0.7352576708535181,0.7989388953196983,0.8456783923893824,0.8809385157931573,0.9070767512258996,0.9262238857508052,0.9418837675350702
709,350,qwen2.5-1.5b-2gpu-PPO-risk-baseline1-v3-cvarlower25-iqn-1,43,0.6427855711422845,0.6406563126252505,0.7308800672210563,0.7936864337974787,0.8397554009597462,0.8747051493794805,0.9028507384746776,0.9275485052014568,0.9478957915831664
710,350,qwen2.5-1.5b-2gpu-PPO-risk-baseline1-v3-cvarlower25-iqn-1,44,0.6477955911823647,0.6463708667334669,0.7338559994003756,0.7960570116611175,0.8435529105712379,0.8804042307587377,0.9092518767615264,0.9317057352403044,0.9458917835671342
694,350,qwen2.5-1.5b-2gpu-PPO-risk-baseline1-v3-cvarlower25-iqn-8,42,0.7132389779559118,0.7116263777555111,0.7771625929023401,0.8253998621540043,0.8637239985888019,0.8952987469500202,0.919896336428454,0.9368416302407924,0.9478957915831664
695,350,qwen2.5-1.5b-2gpu-PPO-risk-baseline1-v3-cvarlower25-iqn-8,43,0.7260771543086172,0.7233842685370742,0.7880187047322992,0.8356661587141286,0.8717057574841294,0.8974407439794139,0.915926496749338,0.931516572172778,0.9438877755511024
696,350,qwen2.5-1.5b-2gpu-PPO-risk-baseline1-v3-cvarlower25-iqn-8,44,0.7121743486973948,0.7135364478957916,0.7784799421678001,0.8256094292071207,0.8620980438407403,0.8914574836038555,0.9142914606350402,0.930742843530346,0.9418837675350702
711,350,qwen2.5-1.5b-2gpu-PPO-risk-baseline1-v3-cvarupper25-iqn-1,42,0.6363977955911824,0.6348008517034068,0.72496814495132,0.7891267816848546,0.837503088211738,0.8754894845120537,0.9056832977136956,0.9314038456354844,0.9539078156312624
712,350,qwen2.5-1.5b-2gpu-PPO-risk-baseline1-v3-cvarupper25-iqn-1,43,0.6325150300601202,0.6353957915831663,0.72728601888817,0.7926824772529686,0.8412081130773205,0.8774707886594241,0.904877945917652,0.9280098794192456,0.9519038076152304
713,350,qwen2.5-1.5b-2gpu-PPO-risk-baseline1-v3-cvarupper25-iqn-1,44,0.6515531062124249,0.6488289078156313,0.73922574479668,0.8016152580752056,0.8482282231067676,0.8837049304167767,0.9099461217421864,0.9296801954812274,0.9438877755511024
700,350,qwen2.5-1.5b-2gpu-PPO-risk-baseline1-v3-cvarupper25-iqn-8,42,0.7125501002004008,0.7086516783567134,0.7791338089564958,0.8296817938464104,0.867937656455381,0.8975348631610452,0.9197124949803496,0.9365904391735044,0.9519038076152304
701,350,qwen2.5-1.5b-2gpu-PPO-risk-baseline1-v3-cvarupper25-iqn-8,43,0.7086673346693386,0.7082446142284569,0.7769254059299702,0.8271028228184903,0.8660425046979634,0.8960093541885549,0.9182896534557928,0.9354145381734464,0.9478957915831664
702,350,qwen2.5-1.5b-2gpu-PPO-risk-baseline1-v3-cvarupper25-iqn-8,44,0.717121743486974,0.7150237975951904,0.7800850224070187,0.8292782240521538,0.8673220303316647,0.8963401293335252,0.9175068536527696,0.9335332046508552,0.9478957915831664
732,350,qwen2.5-1.5b-2gpu-PPO-v3-iqn-8,42+1,0.7227580160320641,0.7209105711422845,0.7858655302731447,0.8330278002574327,0.8679252665888754,0.8945236992260258,0.9151513955967736,0.93097636438987,0.9418837675350702
762,375,qwen2.5-1.5b-2gpu-PPO,42,0.625501002004008,0.6282565130260521,0.7208274817351237,0.7891469786216603,0.83974409432616,0.8777230534652087,0.9064920217517752,0.9289460099252168,0.9498997995991983
760,375,qwen2.5-1.5b-2gpu-PPO,43,0.6589428857715431,0.6573302855711423,0.741645199848516,0.8017289911656835,0.8481056637860013,0.8840174064857091,0.9115179401449788,0.9349355192326908,0.9579158316633266
761,375,qwen2.5-1.5b-2gpu-PPO,44,0.6576903807615231,0.6576120991983968,0.7400709391223392,0.7984244056166326,0.8420974307615883,0.8759552032559531,0.9038757275285086,0.926113884070206,0.9418837675350702
764,375,qwen2.5-1.5b-2gpu-PPO-C51,42,0.654872244488978,0.6528212675350702,0.7356869250311646,0.7954560771336449,0.841190687937967,0.8769583679710299,0.9054632794367043,0.9292424962964222,0.9519038076152304
765,375,qwen2.5-1.5b-2gpu-PPO-C51,43,0.6470440881763527,0.6501596943887775,0.7387259755731936,0.8003619674669924,0.847257319767566,0.8844276369676847,0.9140206741337452,0.9380367022903362,0.9579158316633266
763,375,qwen2.5-1.5b-2gpu-PPO-C51,44,0.6445390781563126,0.6465900551102205,0.7406367853817872,0.8044171868296022,0.8499549453975992,0.8837177750007487,0.9095189704955976,0.93042024193596,0.9478957915831664
766,375,qwen2.5-1.5b-2gpu-PPO-QRDQN,42,0.6674599198396793,0.6645478456913828,0.7513955075505341,0.8115043125245617,0.8559186164941134,0.8898935765250957,0.9157024710378744,0.9340343762723942,0.9478957915831664
767,375,qwen2.5-1.5b-2gpu-PPO-QRDQN,43,0.6463552104208417,0.6430673847695391,0.7315534119419942,0.7940490935000861,0.84001538046945,0.8747289863790858,0.901785356382,0.9234163808612492,0.9418837675350702
768,375,qwen2.5-1.5b-2gpu-PPO-QRDQN,44,0.6370240480961924,0.6357089178356713,0.7326587229577264,0.8001306260815595,0.8497018225295735,0.8871190839736309,0.9147366385771202,0.9349271923649792,0.9498997995991983
769,375,qwen2.5-1.5b-2gpu-PPO-iqn,43,0.6511773547094188,0.647873872745491,0.7328187378694396,0.7939092429328097,0.8397514343658269,0.8736140151979863,0.9000621176984462,0.9225271387742588,0.939879759519038
770,375,qwen2.5-1.5b-2gpu-PPO-iqn,44,0.6442885771543087,0.6445077655310621,0.7349743778896375,0.7983257572512855,0.8452584800184708,0.8814148348794922,0.9091090035197464,0.9308479729676667,0.9498997995991983
759,375,qwen2.5-1.5b-2gpu-PPO-reweight-baseline1-v1-cvarupper25-iqn-1,42,0.6275050100200401,0.6272701653306614,0.721174632730027,0.7880733628862525,0.8373123972860447,0.8735193141339913,0.9003149994881691,0.9222215102445032,0.9418837675350702
745,375,qwen2.5-1.5b-2gpu-PPO-reweight-baseline1-v1-cvarupper25-iqn-1,43,0.6246242484969939,0.6222288326653307,0.7193197911571174,0.790856015743523,0.8432915611198983,0.8816091173119178,0.9121357839323784,0.9391062059998734,0.9619238476953909
746,375,qwen2.5-1.5b-2gpu-PPO-reweight-baseline1-v1-cvarupper25-iqn-1,44,0.6504884769539078,0.6513182615230461,0.7374394458207754,0.7982417100793263,0.8437219819845856,0.8791902422064312,0.9069898820990148,0.9288419039322396,0.9458917835671342
756,375,qwen2.5-1.5b-2gpu-PPO-reweight-baseline1-v3-cvarupper25-iqn-1,42,0.625125250501002,0.6226828657314629,0.716503627333407,0.7854697661164097,0.8369834177461564,0.8758373797554426,0.9055414653871195,0.9285998255919872,0.9458917835671342
757,375,qwen2.5-1.5b-2gpu-PPO-reweight-baseline1-v3-cvarupper25-iqn-1,43,0.6476077154308617,0.6482809368737475,0.7354009199501365,0.7977865986942013,0.843927061099594,0.8798818379940986,0.9094224924112048,0.9331149689563386,0.9498997995991983
758,375,qwen2.5-1.5b-2gpu-PPO-reweight-baseline1-v3-cvarupper25-iqn-1,44,0.6621993987975952,0.6610095190380761,0.7452431930790716,0.8033558797384797,0.847092728811288,0.8810242469221977,0.9071754460993648,0.9265181180642634,0.939879759519038
753,375,qwen2.5-1.5b-2gpu-PPO-reweight-baseline1-v3-cvarupper25-iqn-8,42,0.7109844689378757,0.7139121993987976,0.7806964815457688,0.8289145176366983,0.8648333844768135,0.8922363624568886,0.9136359179474932,0.9299448053844368,0.9438877755511024
754,375,qwen2.5-1.5b-2gpu-PPO-reweight-baseline1-v3-cvarupper25-iqn-8,43,0.7079158316633266,0.708996117234469,0.7747327824941221,0.8227004122605917,0.8592861641489972,0.8881509735270819,0.9100109561845316,0.924968059553998,0.935871743486974
755,375,qwen2.5-1.5b-2gpu-PPO-reweight-baseline1-v3-cvarupper25-iqn-8,44,0.7270791583166333,0.7255291833667334,0.7885663058400265,0.8332294538458244,0.8656720955539245,0.8905440260049347,0.9113969903834238,0.9288507362876328,0.9418837675350702
736,375,qwen2.5-1.5b-2gpu-PPO-risk-baseline1-v1-cvarlower25-iqn,42,0.6625751503006012,0.662997870741483,0.7472373388509301,0.8059693128288824,0.8500074100666751,0.8841279442177187,0.9117527332239612,0.9342812095706908,0.9498997995991983
737,375,qwen2.5-1.5b-2gpu-PPO-risk-baseline1-v1-cvarlower25-iqn,43,0.6409068136272545,0.6411573146292585,0.7265966480204503,0.7880953455467367,0.8358076826157927,0.8724679725148883,0.899155514506654,0.9206777999266192,0.939879759519038
738,375,qwen2.5-1.5b-2gpu-PPO-risk-baseline1-v1-cvarlower25-iqn,44,0.6425350701402806,0.6426759769539078,0.7335083552932636,0.7965397253073826,0.8436033863115007,0.8801945304678703,0.9089632339118912,0.932335786508554,0.9498997995991983
742,375,qwen2.5-1.5b-2gpu-PPO-risk-baseline1-v1-cvarupper25-iqn,42,0.6354584168336673,0.6366169839679359,0.7267924135672921,0.7910569273154483,0.8392649882905182,0.8760948340304274,0.9033432005576776,0.92274775783294,0.935871743486974
743,375,qwen2.5-1.5b-2gpu-PPO-risk-baseline1-v1-cvarupper25-iqn,43,0.6447269539078156,0.6438658567134269,0.7338811481230177,0.7965095643104732,0.8428195368804599,0.8790267148571298,0.9072922989773732,0.928669371445492,0.9458917835671342
744,375,qwen2.5-1.5b-2gpu-PPO-risk-baseline1-v1-cvarupper25-iqn,44,0.6281312625250501,0.6277711673346693,0.7216480204503495,0.7876524838202839,0.8371267131451402,0.8765358711399972,0.9076581554973016,0.93193151129745,0.9539078156312624
747,375,qwen2.5-1.5b-2gpu-PPO-risk-baseline1-v3-cvarlower25-iqn-1,42,0.6502379759519038,0.6510834168336673,0.7382199191690468,0.7999124383938481,0.8454925901355519,0.8806142780575745,0.908386638116433,0.9297750522471142,0.9468937875751504
748,375,qwen2.5-1.5b-2gpu-PPO-risk-baseline1-v3-cvarlower25-iqn-1,43,0.6439754509018036,0.6431143537074149,0.7316604172912755,0.7936225474946895,0.8401565493196318,0.8757629815631243,0.9036628938704993,0.927688705948162,0.9478957915831664
749,375,qwen2.5-1.5b-2gpu-PPO-risk-baseline1-v3-cvarlower25-iqn-1,44,0.6483592184368737,0.6473259018036072,0.7325887010240953,0.7920352989443453,0.836471860471518,0.8697346034463352,0.8950514738551018,0.915231937387301,0.93186372745491
733,375,qwen2.5-1.5b-2gpu-PPO-risk-baseline1-v3-cvarlower25-iqn-8,42,0.7117359719438878,0.712628381763527,0.7777220287030755,0.8257062285425745,0.8624647050697863,0.8905499026552263,0.9128806554618748,0.9303922025220112,0.9418837675350702
734,375,qwen2.5-1.5b-2gpu-PPO-risk-baseline1-v3-cvarlower25-iqn-8,43,0.7247620240480962,0.7242453657314629,0.7877847229892857,0.8334497647338172,0.8670311374597525,0.8918686731217074,0.9111024864555728,0.926409410634244,0.937875751503006
735,375,qwen2.5-1.5b-2gpu-PPO-risk-baseline1-v3-cvarlower25-iqn-8,44,0.7127379759519038,0.7121430360721442,0.7767893069603775,0.8237984856101405,0.8600363921268799,0.8884312737159618,0.9097631834264984,0.9247891451000558,0.933867735470942
750,375,qwen2.5-1.5b-2gpu-PPO-risk-baseline1-v3-cvarupper25-iqn-1,42,0.6442259519038076,0.6419870991983968,0.7265199690720021,0.7863055770333318,0.8316258543305781,0.8672741007951484,0.8957228149615637,0.9214168128655712,0.9438877755511024
751,375,qwen2.5-1.5b-2gpu-PPO-risk-baseline1-v3-cvarupper25-iqn-1,43,0.6404684368737475,0.6438345440881763,0.7317809832262951,0.7944917006867128,0.8404738794790406,0.873940530997287,0.8998639479245115,0.9225416494225228,0.9418837675350702
752,375,qwen2.5-1.5b-2gpu-PPO-risk-baseline1-v3-cvarupper25-iqn-1,44,0.654621743486974,0.657126753507014,0.7429733975825666,0.8012108040603142,0.8440338942052209,0.8769419935933853,0.902791236612051,0.9227366518665148,0.937875751503006
739,375,qwen2.5-1.5b-2gpu-PPO-risk-baseline1-v3-cvarupper25-iqn-8,42,0.7123622244488977,0.7100137775551102,0.777950832767898,0.8266369982184092,0.8636798687825402,0.8936710514181802,0.9187838356648872,0.9376643919557316,0.9478957915831664
740,375,qwen2.5-1.5b-2gpu-PPO-risk-baseline1-v3-cvarupper25-iqn-8,43,0.7138652304609219,0.711250626252505,0.7775854366212741,0.8267981065242598,0.8675667069835736,0.9012554317703012,0.9266665268436938,0.9438606566484098,0.9539078156312624
741,375,qwen2.5-1.5b-2gpu-PPO-risk-baseline1-v3-cvarupper25-iqn-8,44,0.7156187374749499,0.7155717685370742,0.7800463130986383,0.8297868353880615,0.8689911252632813,0.8981458754713828,0.9172080069697172,0.9298614230940696,0.9418837675350702
771,375,qwen2.5-1.5b-2gpu-PPO-v3-iqn-8,42+1,0.7238226452905812,0.7238226452905812,0.7874960057911098,0.834474087282176,0.8696360719048493,0.8949565386861217,0.9126105033255216,0.9265923750762451,0.939879759519038
801,400,qwen2.5-1.5b-2gpu-PPO,42,0.6360846693386774,0.6360063877755511,0.7279679930727597,0.7939190909002107,0.8429671175838838,0.8808485359975776,0.9102250977725548,0.933323245051086,0.9519038076152304
799,400,qwen2.5-1.5b-2gpu-PPO,43,0.6616983967935872,0.662559493987976,0.743154862875357,0.7994317806967516,0.8429660410133235,0.8771917821155035,0.9039965789001148,0.9253252756565138,0.9438877755511024
800,400,qwen2.5-1.5b-2gpu-PPO,44,0.6586297595190381,0.6587393537074149,0.741098584965206,0.7999539568450738,0.8455700025895331,0.8813883384957273,0.9081890127945051,0.927503216451561,0.9418837675350702
803,400,qwen2.5-1.5b-2gpu-PPO-C51,42,0.6531187374749499,0.6585358216432866,0.7424339328262825,0.8017618281181786,0.8463174201362307,0.8805870247152098,0.9067590960514156,0.9279062520136336,0.9478957915831664
804,400,qwen2.5-1.5b-2gpu-PPO-C51,43,0.6491733466933868,0.6505980711422845,0.7427872477237941,0.8063006273138703,0.8517266531118883,0.8856459633385776,0.9120607104223384,0.9335087536787328,0.9498997995991983
802,400,qwen2.5-1.5b-2gpu-PPO-C51,44,0.6583166332665331,0.6555454659318637,0.7465511732125668,0.8076457263984288,0.8525578098327241,0.8880374672337876,0.9166897131922104,0.9391430884760632,0.9559118236472944
805,400,qwen2.5-1.5b-2gpu-PPO-QRDQN,42,0.6643286573146293,0.6639215931863728,0.7516354066400518,0.8124414413754393,0.8573461834936102,0.8911880947474525,0.916078974974249,0.9345754535837544,0.9498997995991983
806,400,qwen2.5-1.5b-2gpu-PPO-QRDQN,43,0.6347069138276553,0.6357715430861723,0.7283003507014028,0.7936835996702818,0.842310442108203,0.879396587869082,0.9081578942153428,0.9313977019554678,0.9478957915831664
807,400,qwen2.5-1.5b-2gpu-PPO-QRDQN,44,0.6497995991983968,0.6484531563126252,0.741164168888959,0.8050756620101847,0.8510419366549413,0.8849673789139125,0.911029931897282,0.931079989600103,0.9458917835671342
808,400,qwen2.5-1.5b-2gpu-PPO-iqn,43,0.6542459919839679,0.6554671843687375,0.7394774785792056,0.800563040028313,0.8467874862458972,0.8811862587789638,0.9086131984023114,0.931927945194908,0.9498997995991983
809,400,qwen2.5-1.5b-2gpu-PPO-iqn,44,0.6527429859719439,0.6544808366733467,0.7439958657472425,0.8053690320273093,0.8503761687134455,0.8851638897850705,0.911947888655541,0.9323474805614748,0.9478957915831664
798,400,qwen2.5-1.5b-2gpu-PPO-reweight-baseline1-v1-cvarupper25-iqn-1,42,0.6347069138276553,0.6334230961923848,0.7281721415271487,0.7953540455489158,0.8447607258460893,0.8820426808686131,0.9117889068593608,0.9355227629147526,0.9519038076152304
784,400,qwen2.5-1.5b-2gpu-PPO-reweight-baseline1-v1-cvarupper25-iqn-1,43,0.624060621242485,0.6235909318637275,0.7194041133447998,0.7891118085439721,0.8409791510165187,0.879168726313478,0.906864527427418,0.9279687553007312,0.9438877755511024
785,400,qwen2.5-1.5b-2gpu-PPO-reweight-baseline1-v1-cvarupper25-iqn-1,44,0.655811623246493,0.6573615981963928,0.7448006248717909,0.805143521576336,0.8487483197993697,0.8829642346546329,0.9111552836516038,0.9327609943458706,0.9478957915831664
795,400,qwen2.5-1.5b-2gpu-PPO-reweight-baseline1-v3-cvarupper25-iqn-1,42,0.6112224448897795,0.6128193887775552,0.7104972740757105,0.7815036343778671,0.8338156059884445,0.873995054249808,0.9061209639389884,0.9302806054244872,0.9458917835671342
796,400,qwen2.5-1.5b-2gpu-PPO-reweight-baseline1-v3-cvarupper25-iqn-1,43,0.6533692384769539,0.6566100951903807,0.7427998220851152,0.8031572494445209,0.8478554469157383,0.8825113380262263,0.9089187724747008,0.9270893597730414,0.937875751503006
797,400,qwen2.5-1.5b-2gpu-PPO-reweight-baseline1-v3-cvarupper25-iqn-1,44,0.656751002004008,0.6553575901803608,0.7431509179776876,0.8044095175728285,0.8494045206350062,0.8838572309331172,0.9106641109316428,0.9320124250413055,0.9498997995991983
792,400,qwen2.5-1.5b-2gpu-PPO-reweight-baseline1-v3-cvarupper25-iqn-8,42,0.7160571142284569,0.7170434619238477,0.7830141089265144,0.8310267060179601,0.8673925268008926,0.8950564608168019,0.9159438833920224,0.9290087016604988,0.935871743486974
793,400,qwen2.5-1.5b-2gpu-PPO-reweight-baseline1-v3-cvarupper25-iqn-8,43,0.7112349699398798,0.7120490981963928,0.7782585347861076,0.8273747094864645,0.8643903743997535,0.893066650505057,0.9147521825541204,0.9301517737034548,0.9418837675350702
794,400,qwen2.5-1.5b-2gpu-PPO-reweight-baseline1-v3-cvarupper25-iqn-8,44,0.7235095190380761,0.7244019288577155,0.7859173070550549,0.829803673338428,0.8629414462824156,0.8898775176402561,0.9126456468536402,0.931397288489902,0.9458917835671342
775,400,qwen2.5-1.5b-2gpu-PPO-risk-baseline1-v1-cvarlower25-iqn,42,0.6703406813627254,0.672751753507014,0.7531559181354837,0.808607788693247,0.8505890245560267,0.882655887155021,0.9073066926697476,0.9271830737690596,0.9418837675350702
776,400,qwen2.5-1.5b-2gpu-PPO-risk-baseline1-v1-cvarlower25-iqn,43,0.6437875751503006,0.642315881763527,0.7308741498745523,0.7945406249319036,0.8430325139482804,0.880302344040921,0.9084019284423908,0.9289274040565464,0.9438877755511024
777,400,qwen2.5-1.5b-2gpu-PPO-risk-baseline1-v1-cvarlower25-iqn,44,0.6526803607214429,0.6509738226452906,0.7390139531030566,0.799434027785605,0.8436543991824241,0.876424150127672,0.9020119408839092,0.9237866786431396,0.9438877755511024
781,400,qwen2.5-1.5b-2gpu-PPO-risk-baseline1-v1-cvarupper25-iqn,42,0.6296342685370742,0.6291802354709419,0.7232289381913433,0.7905133393896906,0.8409325766273661,0.8801355840930145,0.911071327575352,0.9355739464091986,0.9539078156312624
782,400,qwen2.5-1.5b-2gpu-PPO-risk-baseline1-v1-cvarupper25-iqn,43,0.6489228456913828,0.6454941132264529,0.7369709892225397,0.7999964482771317,0.8457180668585255,0.8803372270024022,0.9080536881884774,0.9321883437977968,0.9539078156312624
783,400,qwen2.5-1.5b-2gpu-PPO-risk-baseline1-v1-cvarupper25-iqn,44,0.6199899799599199,0.6225263026052105,0.7204248556167453,0.790851441352897,0.8411837283416846,0.8783862577921251,0.9072465645469092,0.9275518028301678,0.939879759519038
786,400,qwen2.5-1.5b-2gpu-PPO-risk-baseline1-v3-cvarlower25-iqn-1,42,0.6574085671342685,0.6571032690380763,0.7413208552932637,0.8017807913352014,0.8474704424492943,0.8826749605059797,0.9099728334851216,0.9309579000303554,0.9468937875751504
787,400,qwen2.5-1.5b-2gpu-PPO-risk-baseline1-v3-cvarlower25-iqn-1,43,0.6581287575150301,0.656500501002004,0.7421526123112366,0.8019833224754722,0.8463971370403472,0.8801332180031455,0.906575503747694,0.9272075853686568,0.9438877755511024
788,400,qwen2.5-1.5b-2gpu-PPO-risk-baseline1-v3-cvarlower25-iqn-1,44,0.6584418837675351,0.6589741983967936,0.7462900702980765,0.8074230342950618,0.8521282395923576,0.8854674116904464,0.9120882751352216,0.932118526907987,0.9458917835671342
772,400,qwen2.5-1.5b-2gpu-PPO-risk-baseline1-v3-cvarlower25-iqn-8,42,0.718436873747495,0.717121743486974,0.7829394024269011,0.8313926798103143,0.8685282127992382,0.8979750883027517,0.921428862848928,0.939528960108044,0.9519038076152304
773,400,qwen2.5-1.5b-2gpu-PPO-risk-baseline1-v3-cvarlower25-iqn-8,43,0.7290205410821643,0.7280498496993988,0.7892364453316081,0.8337347884745869,0.8677900180620264,0.8941953494452121,0.9131943488476084,0.9270123433028196,0.937875751503006
774,400,qwen2.5-1.5b-2gpu-PPO-risk-baseline1-v3-cvarlower25-iqn-8,44,0.7141783567134269,0.712628381763527,0.77849300964133,0.8259419237800687,0.8613107610133022,0.8878843651021139,0.9092878405319972,0.9268119952301072,0.937875751503006
789,400,qwen2.5-1.5b-2gpu-PPO-risk-baseline1-v3-cvarupper25-iqn-1,42,0.6443512024048096,0.6461986472945892,0.7296125222886719,0.7890512663872927,0.8349439835329446,0.8709543886478555,0.8978940020401959,0.9185067915608868,0.935871743486974
790,400,qwen2.5-1.5b-2gpu-PPO-risk-baseline1-v3-cvarupper25-iqn-1,43,0.6487349699398798,0.6509425100200401,0.737604145298471,0.7995901540614035,0.8464014093303863,0.882569837312023,0.9113417510018816,0.9331734163528912,0.9478957915831664
791,400,qwen2.5-1.5b-2gpu-PPO-risk-baseline1-v3-cvarupper25-iqn-1,44,0.6654559118236473,0.6672250751503006,0.7497255830558756,0.8076337113672415,0.8519900625192057,0.8855283414715553,0.910400211438031,0.9301953215740206,0.9458917835671342
778,400,qwen2.5-1.5b-2gpu-PPO-risk-baseline1-v3-cvarupper25-iqn-8,42,0.7118612224448898,0.7120804108216433,0.7780563587805532,0.8249943428288898,0.8605139818559853,0.889331560417415,0.912952674021792,0.9304476264684416,0.939879759519038
779,400,qwen2.5-1.5b-2gpu-PPO-risk-baseline1-v3-cvarupper25-iqn-8,43,0.7134268537074149,0.7141783567134269,0.7794346074037839,0.8276382158768231,0.8657074923774921,0.8957307162607179,0.9189606503953344,0.936386537277104,0.9478957915831664
780,400,qwen2.5-1.5b-2gpu-PPO-risk-baseline1-v3-cvarupper25-iqn-8,44,0.720879258517034,0.717685370741483,0.7816528726744828,0.8303849613362457,0.8678249493792033,0.8954676687468384,0.9153292182396408,0.9299820227700282,0.9418837675350702
810,400,qwen2.5-1.5b-2gpu-PPO-v3-iqn-8,42+1,0.7254509018036072,0.7248872745490982,0.7882447966799742,0.8343884448687402,0.8685658311706083,0.8941862919704708,0.9136264345214212,0.9293397422040404,0.9418837675350702
840,425,qwen2.5-1.5b-2gpu-PPO,42,0.6389654308617234,0.6401396543086172,0.7280180439619396,0.7915834404091272,0.8398673456313696,0.8780787636963118,0.9080455140029908,0.9306246952745532,0.9478957915831664
838,425,qwen2.5-1.5b-2gpu-PPO,43,0.6711548096192385,0.6721724699398798,0.7515081836902151,0.8075658448505562,0.8502204810488331,0.8827579768480418,0.9079671613171392,0.9276116846884443,0.9418837675350702
839,425,qwen2.5-1.5b-2gpu-PPO,44,0.6603206412825652,0.6609312374749499,0.7460491849841415,0.8054216979140133,0.8491513180448622,0.8821472996214507,0.9087608440801876,0.93202490148375,0.9519038076152304
842,425,qwen2.5-1.5b-2gpu-PPO-C51,42,0.6606963927855711,0.6585358216432866,0.7418291307023497,0.8013641078557565,0.84681814723028,0.8826977457276477,0.912228051478953,0.936284208674401,0.9539078156312624
843,425,qwen2.5-1.5b-2gpu-PPO-C51,43,0.6643286573146293,0.6629039328657315,0.7502971001057233,0.8098425300169141,0.8534121880496723,0.887179282573759,0.9142878977343768,0.9347312644082384,0.9478957915831664
841,425,qwen2.5-1.5b-2gpu-PPO-C51,44,0.6514278557114228,0.6531187374749499,0.746575582266896,0.8094996832810728,0.8536432015667192,0.8857870630492521,0.91018488620314,0.930214272572325,0.9498997995991983
844,425,qwen2.5-1.5b-2gpu-PPO-QRDQN,42,0.6745991983967936,0.6750375751503006,0.7577536963691163,0.8148939519458865,0.8575077569182799,0.8901934010878492,0.9157119633214308,0.9355409039009608,0.9498997995991983
845,425,qwen2.5-1.5b-2gpu-PPO-QRDQN,43,0.6607590180360722,0.6611817384769539,0.7477053023369574,0.8077146272297125,0.8518811167791992,0.8862894172784731,0.9137504214620484,0.9334673991987126,0.9438877755511024
846,425,qwen2.5-1.5b-2gpu-PPO-QRDQN,44,0.6472319639278558,0.6453062374749499,0.7376354579237215,0.8028848967150649,0.8511181822688919,0.8872485034733507,0.9150185320988355,0.9367697618450732,0.9519038076152304
847,425,qwen2.5-1.5b-2gpu-PPO-iqn,43,0.6638276553106213,0.6629039328657315,0.7417455481829801,0.7992264743209704,0.8440203295589199,0.8787120031096217,0.9059513649409152,0.9277117302681483,0.9438877755511024
848,425,qwen2.5-1.5b-2gpu-PPO-iqn,44,0.6591307615230461,0.6583322895791583,0.7456677626907358,0.8046487724229862,0.8480836615512316,0.8823359959061036,0.9095176474611836,0.9299298055556862,0.9458917835671342
837,425,qwen2.5-1.5b-2gpu-PPO-reweight-baseline1-v1-cvarupper25-iqn-1,42,0.6347069138276553,0.6334544088176353,0.7279901831221498,0.7946602979111579,0.8434211229987945,0.8802950253866118,0.9090460863367354,0.9311548647748138,0.9458917835671342
823,425,qwen2.5-1.5b-2gpu-PPO-reweight-baseline1-v1-cvarupper25-iqn-1,43,0.6390906813627254,0.6384644288577155,0.7306877534596753,0.7965049326249048,0.8454741128357156,0.8833436525427925,0.9139612616448534,0.9386673210240406,0.9559118236472944
824,425,qwen2.5-1.5b-2gpu-PPO-reweight-baseline1-v1-cvarupper25-iqn-1,44,0.6657064128256514,0.6635771543086172,0.7482896403042305,0.8081143407925713,0.8524376322996494,0.8856842749305848,0.91177661511974,0.9320118574167796,0.9478957915831664
834,425,qwen2.5-1.5b-2gpu-PPO-reweight-baseline1-v3-cvarupper25-iqn-1,42,0.6379008016032064,0.6374467685370742,0.7262529488110079,0.790338695200675,0.837955356573927,0.874222453281347,0.9025215130341356,0.9242854211214564,0.939879759519038
835,425,qwen2.5-1.5b-2gpu-PPO-reweight-baseline1-v3-cvarupper25-iqn-1,43,0.6647044088176353,0.6620115230460922,0.7466372212929797,0.8063185702112887,0.8509115777531835,0.8857870569561768,0.9140927066322074,0.9370439892732642,0.9519038076152304
836,425,qwen2.5-1.5b-2gpu-PPO-reweight-baseline1-v3-cvarupper25-iqn-1,44,0.6630135270541082,0.6635301853707415,0.7487977924352642,0.8077383642425459,0.850557410277092,0.8830419703783913,0.9079685461932836,0.9281972611574372,0.9458917835671342
831,425,qwen2.5-1.5b-2gpu-PPO-reweight-baseline1-v3-cvarupper25-iqn-8,42,0.717372244488978,0.716933867735471,0.7799775239455289,0.8269264282220233,0.8632015387716302,0.8913251624776946,0.9130898960058984,0.9284069178097054,0.937875751503006
832,425,qwen2.5-1.5b-2gpu-PPO-reweight-baseline1-v3-cvarupper25-iqn-8,43,0.7078532064128257,0.7098415581162325,0.7758496816467582,0.8247309647416318,0.8625964371506205,0.8925356911567307,0.9162155683447438,0.9341662813039402,0.9498997995991983
833,425,qwen2.5-1.5b-2gpu-PPO-reweight-baseline1-v3-cvarupper25-iqn-8,44,0.7245115230460922,0.7237756763527055,0.7854182774998817,0.8303242253160238,0.8643989017655122,0.890901310679858,0.9125958699554054,0.9306593454299388,0.9458917835671342
814,425,qwen2.5-1.5b-2gpu-PPO-risk-baseline1-v1-cvarlower25-iqn,42,0.6829283567134269,0.6834293587174348,0.7634360749057169,0.8188837519433316,0.8605271255613194,0.8927178531316654,0.9172086631535358,0.9350818629591378,0.9498997995991983
815,425,qwen2.5-1.5b-2gpu-PPO-risk-baseline1-v1-cvarlower25-iqn,43,0.6513026052104208,0.6511616983967936,0.7373812585801525,0.7976346795578408,0.8422764343258998,0.8764371788470287,0.9042752420923332,0.9289193204205916,0.9519038076152304
816,425,qwen2.5-1.5b-2gpu-PPO-risk-baseline1-v1-cvarlower25-iqn,44,0.6538702404809619,0.6559838426853707,0.7425246654726776,0.8014167498852223,0.8440934150809742,0.8752984580314281,0.8998269211491388,0.9213915156336548,0.937875751503006
820,425,qwen2.5-1.5b-2gpu-PPO-risk-baseline1-v1-cvarupper25-iqn,42,0.6519914829659319,0.6506606963927856,0.734611447304057,0.7945779060934016,0.8401629395474108,0.8759554343289335,0.9035604299182808,0.9245192660166992,0.9418837675350702
821,425,qwen2.5-1.5b-2gpu-PPO-risk-baseline1-v1-cvarupper25-iqn,43,0.65625,0.6559212174348698,0.7438528632067285,0.8048703156218698,0.8498173169933987,0.8846961825359168,0.912518237896853,0.9343947894085226,0.9519038076152304
822,425,qwen2.5-1.5b-2gpu-PPO-risk-baseline1-v1-cvarupper25-iqn,44,0.6367735470941884,0.6361629509018036,0.7306061433891403,0.7972415237298744,0.8456952318822739,0.8828942567371366,0.9121384281604618,0.9350029454483378,0.9539078156312624
825,425,qwen2.5-1.5b-2gpu-PPO-risk-baseline1-v3-cvarlower25-iqn-1,42,0.6632327154308617,0.6611191132264529,0.7439825517176084,0.8036524644715002,0.8485830943223196,0.8835584605540217,0.9117078700170202,0.9352272661703808,0.9549098196392783
826,425,qwen2.5-1.5b-2gpu-PPO-risk-baseline1-v3-cvarlower25-iqn-1,43,0.65625,0.6571110971943888,0.741962024442586,0.8021502192611696,0.8469412041094035,0.8809942555333159,0.9088180896361996,0.9325865004107712,0.9539078156312624
827,425,qwen2.5-1.5b-2gpu-PPO-risk-baseline1-v3-cvarlower25-iqn-1,44,0.6685245490981964,0.6667240731462926,0.7536835481987597,0.8140159272425616,0.8573580661291109,0.8895678264324995,0.9152445794712156,0.9346403764926456,0.9478957915831664
811,425,qwen2.5-1.5b-2gpu-PPO-risk-baseline1-v3-cvarlower25-iqn-8,42,0.7166833667334669,0.7163076152304609,0.7811407756457798,0.8285381338229516,0.865737060034354,0.895286065321237,0.9185340227523584,0.9355438501857484,0.9438877755511024
812,425,qwen2.5-1.5b-2gpu-PPO-risk-baseline1-v3-cvarlower25-iqn-8,43,0.7265155310621243,0.7279872244488977,0.7896415370110299,0.8350540370204226,0.869493248075194,0.8951465443583514,0.913194178568766,0.9267702879360942,0.937875751503006
813,425,qwen2.5-1.5b-2gpu-PPO-risk-baseline1-v3-cvarlower25-iqn-8,44,0.72000250501002,0.7176540581162325,0.7823353399712812,0.8304789175275935,0.8660511728034985,0.8929579831751425,0.913890686611175,0.929345852336039,0.939879759519038
828,425,qwen2.5-1.5b-2gpu-PPO-risk-baseline1-v3-cvarupper25-iqn-1,42,0.6503006012024048,0.650378882765531,0.7319459292600949,0.7900073658753577,0.8343404474911018,0.8684116120897994,0.8943930566198638,0.9156159304072288,0.93186372745491
829,425,qwen2.5-1.5b-2gpu-PPO-risk-baseline1-v3-cvarupper25-iqn-1,43,0.6506137274549099,0.6515061372745491,0.7403835722626356,0.8035340786559997,0.8500288702085824,0.8860579375046334,0.9138766277915245,0.9339741201426036,0.9478957915831664
830,425,qwen2.5-1.5b-2gpu-PPO-risk-baseline1-v3-cvarupper25-iqn-1,44,0.6633892785571143,0.6645791583166333,0.7457015408770297,0.8004618868407982,0.8393822459641013,0.868818079798789,0.8945653738000929,0.9180055236497828,0.937875751503006
817,425,qwen2.5-1.5b-2gpu-PPO-risk-baseline1-v3-cvarupper25-iqn-8,42,0.7099198396793587,0.7125344438877755,0.7799905914190586,0.8299115166966855,0.8680589742720946,0.8965193597100055,0.916841483789974,0.9315992813500356,0.9418837675350702
818,425,qwen2.5-1.5b-2gpu-PPO-risk-baseline1-v3-cvarupper25-iqn-8,43,0.716620741482966,0.7168242735470942,0.7807832692944945,0.827399838296766,0.8638761730643583,0.8918529070550846,0.912853780802322,0.9305574911242972,0.9438877755511024
819,425,qwen2.5-1.5b-2gpu-PPO-risk-baseline1-v3-cvarupper25-iqn-8,44,0.7155561122244489,0.7183742484969939,0.7814706677133796,0.8310701333300271,0.8702297445974443,0.8989148555319376,0.9187700081403696,0.9325453475259184,0.9418837675350702
849,425,qwen2.5-1.5b-2gpu-PPO-v3-iqn-8,42+1,0.7223822645290581,0.7242453657314629,0.7877706692913385,0.8345470802873088,0.8697095121185456,0.895969897715395,0.9143723706836906,0.9268713935139364,0.935871743486974
879,450,qwen2.5-1.5b-2gpu-PPO,42,0.6501753507014028,0.6506606963927856,0.7391421622773106,0.8017305911034667,0.8476576319972217,0.8832541433073103,0.912932712985354,0.93881467288117,0.9599198396793588
877,450,qwen2.5-1.5b-2gpu-PPO,43,0.6673346693386774,0.6673816382765531,0.7496701079324003,0.8075523551790496,0.8520486313102094,0.8878726635659939,0.9168227603275232,0.9388951924271016,0.9539078156312624
878,450,qwen2.5-1.5b-2gpu-PPO,44,0.6610095190380761,0.6616827404809619,0.7488172703675067,0.8090872385941738,0.8530383604328365,0.8858114524200043,0.9121486385734784,0.9339954430991524,0.9519038076152304
881,450,qwen2.5-1.5b-2gpu-PPO-C51,42,0.6672720440881763,0.6685402054108216,0.7490391708614078,0.8061933260972639,0.8497722825448855,0.883926721126687,0.911452675457585,0.9314754176403026,0.9418837675350702
882,450,qwen2.5-1.5b-2gpu-PPO-C51,43,0.6587550100200401,0.6559681863727455,0.7434544285421236,0.803987843140349,0.8486892532819387,0.8832607723556152,0.9104773541404342,0.932406212737111,0.9519038076152304
880,450,qwen2.5-1.5b-2gpu-PPO-C51,44,0.6707164328657315,0.6704659318637275,0.7558936771180156,0.8140504933752017,0.8562982113704382,0.8871661205088962,0.9105912745325772,0.9291544038749284,0.9458917835671342
883,450,qwen2.5-1.5b-2gpu-PPO-QRDQN,42,0.6781062124248497,0.6762274549098196,0.7591901322329698,0.8158487740385157,0.8579021555316593,0.8909295244160085,0.9164075207534386,0.934913099951924,0.9478957915831664
884,450,qwen2.5-1.5b-2gpu-PPO-QRDQN,43,0.6735971943887775,0.6710452154308617,0.7522932183264166,0.8086295902641428,0.8507123938448357,0.8842685736247624,0.9120324044463186,0.9342394584976969,0.9519038076152304
885,450,qwen2.5-1.5b-2gpu-PPO-QRDQN,44,0.6625125250501002,0.6631544338677354,0.7501767807268079,0.8099776521547031,0.8530825065077919,0.8848628932432183,0.9093599513811658,0.9300054747144753,0.9498997995991983
886,450,qwen2.5-1.5b-2gpu-PPO-iqn,43,0.6663326653306614,0.665440255511022,0.745010690672684,0.8036490440573686,0.8483876695094353,0.8816430189872649,0.906654085486619,0.9259657605003896,0.9418837675350702
887,450,qwen2.5-1.5b-2gpu-PPO-iqn,44,0.6657064128256514,0.6652680360721442,0.7514413669859403,0.8106799205835743,0.8543076349157027,0.8871543663262808,0.9114068523422928,0.9291631738339924,0.9418837675350702
876,450,qwen2.5-1.5b-2gpu-PPO-reweight-baseline1-v1-cvarupper25-iqn-1,42,0.6321392785571143,0.6336422845691383,0.7277872674482824,0.7943252382154634,0.8430299998658308,0.879551989028206,0.9090415076987072,0.933553038917068,0.9539078156312624
862,450,qwen2.5-1.5b-2gpu-PPO-reweight-baseline1-v1-cvarupper25-iqn-1,43,0.6389028056112225,0.6383391783567134,0.73107139475802,0.7968655099850995,0.8448515423580486,0.8808720589246817,0.909319147588634,0.9317839204454762,0.9478957915831664
863,450,qwen2.5-1.5b-2gpu-PPO-reweight-baseline1-v1-cvarupper25-iqn-1,44,0.6590055110220441,0.6570641282565131,0.7437461044135516,0.8066542584606784,0.8535166729594419,0.8887876084998908,0.914517100488314,0.9327175221710716,0.9478957915831664
873,450,qwen2.5-1.5b-2gpu-PPO-reweight-baseline1-v3-cvarupper25-iqn-1,42,0.6400300601202404,0.6414704408817635,0.7283984800309281,0.792144384381812,0.8420465550046403,0.8818609589234733,0.913534383180592,0.9387134699973684,0.9579158316633266
874,450,qwen2.5-1.5b-2gpu-PPO-reweight-baseline1-v3-cvarupper25-iqn-1,43,0.6714053106212425,0.6689942384769539,0.7477543670017199,0.803515413278751,0.8454615515119204,0.877913149845233,0.9039678023918848,0.926096307650297,0.9438877755511024
875,450,qwen2.5-1.5b-2gpu-PPO-reweight-baseline1-v3-cvarupper25-iqn-1,44,0.6717184368737475,0.6704033066132264,0.7548389101036719,0.8135595803530571,0.8561836302397604,0.8870712688384353,0.9104656122164012,0.9299479642929028,0.9458917835671342
870,450,qwen2.5-1.5b-2gpu-PPO-reweight-baseline1-v3-cvarupper25-iqn-8,42,0.715743987975952,0.7166990230460922,0.779437566077036,0.826119408295406,0.86296426487055,0.8922403106665663,0.913716244203117,0.9269160429583044,0.933867735470942
871,450,qwen2.5-1.5b-2gpu-PPO-reweight-baseline1-v3-cvarupper25-iqn-8,43,0.7149924849699398,0.7129571643286573,0.7789153602480552,0.8280718234369,0.8651314927973369,0.8937256462971841,0.9157989502594324,0.93225629611939,0.9438877755511024
872,450,qwen2.5-1.5b-2gpu-PPO-reweight-baseline1-v3-cvarupper25-iqn-8,44,0.720065130260521,0.7214115731462926,0.7809400789768514,0.8252598870406729,0.85960391637084,0.8857054270308917,0.9051738076274728,0.9207279365537906,0.933867735470942
853,450,qwen2.5-1.5b-2gpu-PPO-risk-baseline1-v1-cvarlower25-iqn,42,0.6927605210420842,0.6915706412825652,0.7685590176415824,0.8208065677662036,0.8592468111069692,0.8887917387331778,0.9119161845947468,0.9293785109577022,0.9418837675350702
854,450,qwen2.5-1.5b-2gpu-PPO-risk-baseline1-v1-cvarlower25-iqn,43,0.6533692384769539,0.6519288577154309,0.7365700889968915,0.7969192481325607,0.8438746018562101,0.8806691788469245,0.9081738613819436,0.9287712526614204,0.9438877755511024
855,450,qwen2.5-1.5b-2gpu-PPO-risk-baseline1-v1-cvarlower25-iqn,44,0.654433867735471,0.657565130260521,0.7388332274785793,0.7956728120658265,0.8395210005614692,0.8738551839966322,0.8996828311464286,0.9179998162410866,0.933867735470942
859,450,qwen2.5-1.5b-2gpu-PPO-risk-baseline1-v1-cvarupper25-iqn,42,0.6612600200400801,0.6589898547094188,0.7382834073659129,0.7946474632805168,0.8391298464606637,0.8736368264098633,0.899698103513741,0.9199051116281296,0.935871743486974
860,450,qwen2.5-1.5b-2gpu-PPO-risk-baseline1-v1-cvarupper25-iqn,43,0.6497995991983968,0.6493612224448898,0.7384730090101463,0.8002070830825505,0.8459548243381083,0.8824504449446446,0.9116665558345984,0.9329764637319262,0.9478957915831664
861,450,qwen2.5-1.5b-2gpu-PPO-risk-baseline1-v1-cvarupper25-iqn,44,0.6474824649298597,0.6484375,0.7371102934214887,0.7994037067385615,0.8452420418262784,0.8798755794516913,0.905098629716696,0.9230850475479098,0.935871743486974
864,450,qwen2.5-1.5b-2gpu-PPO-risk-baseline1-v3-cvarlower25-iqn-1,42,0.6602893286573146,0.6602971568136273,0.7433004542549666,0.8034057346038158,0.8487874732475055,0.8845983846875085,0.9133082795724032,0.9363566663521674,0.9539078156312624
865,450,qwen2.5-1.5b-2gpu-PPO-risk-baseline1-v3-cvarlower25-iqn-1,43,0.6643286573146293,0.6609312374749499,0.747112581462137,0.8068687555087678,0.85070204444623,0.8841637354564874,0.9112308508534248,0.9326557438065892,0.9458917835671342
866,450,qwen2.5-1.5b-2gpu-PPO-risk-baseline1-v3-cvarlower25-iqn-1,44,0.6677104208416834,0.6696518036072144,0.7524682731604941,0.810126710300992,0.8529776477464048,0.886072998916641,0.9134708920639024,0.9349737538170988,0.9498997995991983
850,450,qwen2.5-1.5b-2gpu-PPO-risk-baseline1-v3-cvarlower25-iqn-8,42,0.717059118236473,0.7184055611222445,0.7818814301832011,0.8278972615271789,0.8636023025789525,0.8915911561230107,0.9142755265344988,0.9336668752389072,0.9478957915831664
851,450,qwen2.5-1.5b-2gpu-PPO-risk-baseline1-v3-cvarlower25-iqn-8,43,0.7290831663326653,0.7286447895791583,0.7903671516260867,0.835121993330493,0.8675566386219385,0.8914761105519093,0.9096665789837984,0.9259560317075356,0.9418837675350702
852,450,qwen2.5-1.5b-2gpu-PPO-risk-baseline1-v3-cvarlower25-iqn-8,44,0.717059118236473,0.7166050851703407,0.7831105123633094,0.8310415963159916,0.8658378089957841,0.8916781026818019,0.9109788877007512,0.925707682372532,0.937875751503006
867,450,qwen2.5-1.5b-2gpu-PPO-risk-baseline1-v3-cvarupper25-iqn-1,42,0.657627755511022,0.6583166332665331,0.7404373214933806,0.7982165776998316,0.8421058134797925,0.8775671562360733,0.9062414465309376,0.9280127154382138,0.9438877755511024
868,450,qwen2.5-1.5b-2gpu-PPO-risk-baseline1-v3-cvarupper25-iqn-1,43,0.6473572144288577,0.6434431362725451,0.7296226310889495,0.7919768023110338,0.8377084492478185,0.8726859066663373,0.9007800193273244,0.9227061841526792,0.939879759519038
869,450,qwen2.5-1.5b-2gpu-PPO-risk-baseline1-v3-cvarupper25-iqn-1,44,0.6689629258517034,0.6688220190380761,0.7475780793871206,0.8022779894246685,0.843415902882022,0.8745319739934567,0.8985787956455356,0.9181649282557204,0.935871743486974
856,450,qwen2.5-1.5b-2gpu-PPO-risk-baseline1-v3-cvarupper25-iqn-8,42,0.7151177354709419,0.7142409819639278,0.7796555216732677,0.8276839759383785,0.8654455866176093,0.8953101872810443,0.9174192766230764,0.9331486312211636,0.9438877755511024
857,450,qwen2.5-1.5b-2gpu-PPO-risk-baseline1-v3-cvarupper25-iqn-8,43,0.71812374749499,0.7165581162324649,0.7816444897669355,0.8287211941693661,0.8662310009788067,0.8969281433844059,0.9201646909058108,0.9358741638427418,0.9458917835671342
858,450,qwen2.5-1.5b-2gpu-PPO-risk-baseline1-v3-cvarupper25-iqn-8,44,0.720127755511022,0.7187186873747495,0.7815867956385213,0.8312124909736984,0.8697719575144904,0.8969668667597219,0.9158410409486388,0.9305008452044552,0.9438877755511024
888,450,qwen2.5-1.5b-2gpu-PPO-v3-iqn-8,42+1,0.7229458917835672,0.7236504258517034,0.7869846484307197,0.8321806500139386,0.8653430931949944,0.8899108220354616,0.9082854828058182,0.9222891529118714,0.933867735470942
917,475,qwen2.5-1.5b-2gpu-PPO,42,0.6629509018036072,0.6647513777555111,0.7490204325974784,0.8071566934018017,0.8520928496915237,0.8890628939005293,0.9190123346886784,0.9417885690530564,0.9599198396793588
915,475,qwen2.5-1.5b-2gpu-PPO,43,0.6692760521042084,0.6685715180360722,0.7507236421662222,0.8088349627639231,0.8530693196055822,0.8872676648095988,0.9131045143591684,0.930851976339647,0.9418837675350702
916,475,qwen2.5-1.5b-2gpu-PPO,44,0.6584418837675351,0.6570484719438878,0.7477948022028308,0.8102607346301152,0.8556377782524104,0.8894099848241438,0.9158069889695452,0.9357976046159014,0.9498997995991983
919,475,qwen2.5-1.5b-2gpu-PPO-C51,42,0.6761648296593187,0.6759769539078156,0.7543253337383429,0.8102765330060197,0.8533663338953587,0.8870479940064459,0.9133674327951914,0.9324878844928668,0.9438877755511024
920,475,qwen2.5-1.5b-2gpu-PPO-C51,43,0.657252004008016,0.6564222194388778,0.7455928096350181,0.8067272539078909,0.85071871232104,0.8842594584114968,0.9105198348942418,0.928790726907204,0.939879759519038
918,475,qwen2.5-1.5b-2gpu-PPO-C51,44,0.6703406813627254,0.6667866983967936,0.7522715213892351,0.8108440179947446,0.8531364450784364,0.8852497996084211,0.9113155277433892,0.9313600353480542,0.9458917835671342
921,475,qwen2.5-1.5b-2gpu-PPO-QRDQN,42,0.6762274549098196,0.6779026803607214,0.759576978760671,0.8150071079541911,0.8561861882260127,0.8880390680264468,0.9132579867455636,0.9344205344935388,0.9539078156312624
922,475,qwen2.5-1.5b-2gpu-PPO-QRDQN,43,0.686310120240481,0.6822864478957916,0.7605444649140801,0.814938712257661,0.8565265132753918,0.8902112688801896,0.9162776566654256,0.9340974899314872,0.9478957915831664
923,475,qwen2.5-1.5b-2gpu-PPO-QRDQN,44,0.6521793587174348,0.6562186873747495,0.748172772710776,0.8100889677743188,0.8532273496092025,0.8850347889312296,0.909796737326291,0.9304894203374482,0.9498997995991983
924,475,qwen2.5-1.5b-2gpu-PPO-iqn,43,0.6665831663326653,0.6686967685370742,0.7475832570653118,0.8053588880047309,0.8492952992824636,0.8830979032349489,0.9108613197736612,0.9353598829819246,0.9539078156312624
925,475,qwen2.5-1.5b-2gpu-PPO-iqn,44,0.6771042084168337,0.6763213927855711,0.7574129558329257,0.8122370355634404,0.8518383614837733,0.8826052846353323,0.9079916022399568,0.927351246221582,0.939879759519038
914,475,qwen2.5-1.5b-2gpu-PPO-reweight-baseline1-v1-cvarupper25-iqn-1,42,0.6399048096192385,0.6418305360721442,0.7339035847285121,0.7982174694345572,0.8454767697166519,0.8820503010663153,0.9113144474098992,0.9348867275545174,0.9539078156312624
900,475,qwen2.5-1.5b-2gpu-PPO-reweight-baseline1-v1-cvarupper25-iqn-1,43,0.6502379759519038,0.6482183116232465,0.7390509365187068,0.8021488994111208,0.8484062605596338,0.8839135350335928,0.911179944720004,0.9315331194271508,0.9498997995991983
901,475,qwen2.5-1.5b-2gpu-PPO-reweight-baseline1-v1-cvarupper25-iqn-1,44,0.6749749498997996,0.6754916082164328,0.7573084160446879,0.8144376424389836,0.8571071025207517,0.890345800949215,0.916332734899592,0.9358748937505602,0.9498997995991983
911,475,qwen2.5-1.5b-2gpu-PPO-reweight-baseline1-v3-cvarupper25-iqn-1,42,0.6466683366733467,0.6459324899799599,0.7342638031969451,0.7973457804247415,0.8446100373601314,0.8817970663981232,0.9111307947373606,0.9337123898093252,0.9519038076152304
912,475,qwen2.5-1.5b-2gpu-PPO-reweight-baseline1-v3-cvarupper25-iqn-1,43,0.6729709418837675,0.6717810621242485,0.7518060234642514,0.8079138560210034,0.8495998802801302,0.8824503227809617,0.9093486406650604,0.9308761450052082,0.9458917835671342
913,475,qwen2.5-1.5b-2gpu-PPO-reweight-baseline1-v3-cvarupper25-iqn-1,44,0.6749123246492986,0.6750532314629258,0.7560369262146339,0.8126286521299066,0.8546891954829763,0.8860644925640732,0.9101168371351046,0.929354848342104,0.9438877755511024
908,475,qwen2.5-1.5b-2gpu-PPO-reweight-baseline1-v3-cvarupper25-iqn-8,42,0.7159944889779559,0.7165424599198397,0.7803971624351064,0.8272925840432269,0.8643348495808856,0.8938713325964438,0.915884335912984,0.930128098861299,0.9418837675350702
909,475,qwen2.5-1.5b-2gpu-PPO-reweight-baseline1-v3-cvarupper25-iqn-8,43,0.7148672344689379,0.7138339178356713,0.7786298482792355,0.8266419838176541,0.8640547270511783,0.8938307999212277,0.916765747352574,0.9321762224455816,0.9418837675350702
910,475,qwen2.5-1.5b-2gpu-PPO-reweight-baseline1-v3-cvarupper25-iqn-8,44,0.7224448897795591,0.725184744488978,0.7845671658277185,0.828431912569045,0.8616542717089639,0.8870336581377006,0.9065308000434288,0.9210473131737966,0.93186372745491
891,475,qwen2.5-1.5b-2gpu-PPO-risk-baseline1-v1-cvarlower25-iqn,42,0.6905686372745491,0.6909757014028056,0.768225673788522,0.8220981233182525,0.8622444002873432,0.8936631349218692,0.9187778859170084,0.9371696361784242,0.9498997995991983
892,475,qwen2.5-1.5b-2gpu-PPO-risk-baseline1-v1-cvarlower25-iqn,43,0.6477955911823647,0.6497213176352705,0.7378795484670128,0.7996372963399615,0.8454297236551641,0.879498978938199,0.9053097252808964,0.925274807539788,0.939879759519038
893,475,qwen2.5-1.5b-2gpu-PPO-risk-baseline1-v1-cvarlower25-iqn,44,0.6541833667334669,0.6534318637274549,0.7358989632808925,0.7919065746791671,0.8330702841834943,0.8650142040701213,0.8903843304476724,0.9123378749488088,0.933867735470942
897,475,qwen2.5-1.5b-2gpu-PPO-risk-baseline1-v1-cvarupper25-iqn,42,0.6657690380761523,0.6639215931863728,0.7480788348350244,0.8071409863221006,0.8521023708019356,0.886962772776152,0.9130567543739326,0.9321572420929084,0.9458917835671342
898,475,qwen2.5-1.5b-2gpu-PPO-risk-baseline1-v1-cvarupper25-iqn,43,0.6605711422845691,0.6627786823647295,0.7483236650466287,0.8081513093678921,0.8531288268305005,0.8876038752377315,0.9133862467885708,0.9334334838839536,0.9498997995991983
899,475,qwen2.5-1.5b-2gpu-PPO-risk-baseline1-v1-cvarupper25-iqn,44,0.6447269539078156,0.6487036573146293,0.7390092685370742,0.8020608145424707,0.8476265193141247,0.8830481525439196,0.9115855539537724,0.9340954396088834,0.9519038076152304
902,475,qwen2.5-1.5b-2gpu-PPO-risk-baseline1-v3-cvarlower25-iqn-1,42,0.6725325651302605,0.6688063627254509,0.7488347758509144,0.806660538737768,0.8504403560140732,0.8845487099746614,0.9114615953534004,0.932182578514374,0.9468937875751504
903,475,qwen2.5-1.5b-2gpu-PPO-risk-baseline1-v3-cvarlower25-iqn-1,43,0.6630761523046093,0.6650331913827655,0.7493500781089738,0.8072162365601094,0.8495811639716131,0.8816229771439241,0.9067881550728514,0.927012679906683,0.9418837675350702
904,475,qwen2.5-1.5b-2gpu-PPO-risk-baseline1-v3-cvarlower25-iqn-1,44,0.6759769539078156,0.6722977204408818,0.7553586503716093,0.8130671241245147,0.8561207758333802,0.8900778390210291,0.9175945569976904,0.9382399176267971,0.9519038076152304
889,475,qwen2.5-1.5b-2gpu-PPO-risk-baseline1-v3-cvarlower25-iqn-8,43,0.7290831663326653,0.7307583917835672,0.7909707209694979,0.8344888015626304,0.8665480332126718,0.8903991385942355,0.9092162150412432,0.9260708044420592,0.939879759519038
890,475,qwen2.5-1.5b-2gpu-PPO-risk-baseline1-v3-cvarlower25-iqn-8,44,0.7194388777555111,0.7188909068136272,0.7860166691651018,0.8331155338423379,0.8663981284541993,0.8909954922429313,0.9098733576350626,0.9267704031949304,0.9418837675350702
905,475,qwen2.5-1.5b-2gpu-PPO-risk-baseline1-v3-cvarupper25-iqn-1,42,0.6614478957915831,0.6631387775551102,0.7465972792040774,0.8049528047471021,0.847764189085364,0.8800823602582121,0.9053656985980202,0.924255495051294,0.937875751503006
906,475,qwen2.5-1.5b-2gpu-PPO-risk-baseline1-v3-cvarupper25-iqn-1,43,0.6529934869739479,0.6555454659318637,0.7416575276537327,0.8032921972554032,0.848668692237164,0.8833657455603825,0.9107088299732662,0.9336119682839285,0.9539078156312624
907,475,qwen2.5-1.5b-2gpu-PPO-risk-baseline1-v3-cvarupper25-iqn-1,44,0.6741608216432866,0.6749592935871743,0.7547642036040585,0.8096718867055446,0.8500018395498098,0.8805097904496039,0.9051443132117746,0.9260772490507756,0.9438877755511024
894,475,qwen2.5-1.5b-2gpu-PPO-risk-baseline1-v3-cvarupper25-iqn-8,42,0.7133016032064128,0.7126910070140281,0.7802608169094093,0.8305361871098778,0.8686317535336033,0.8972636514327009,0.9183148681260382,0.9345443286126304,0.9478957915831664
895,475,qwen2.5-1.5b-2gpu-PPO-risk-baseline1-v3-cvarupper25-iqn-8,43,0.7146793587174348,0.7156030811623246,0.7818868544174964,0.8296429255210833,0.8672862147842876,0.8962927227778179,0.9163435010313624,0.9315727856303596,0.9458917835671342
896,475,qwen2.5-1.5b-2gpu-PPO-risk-baseline1-v3-cvarupper25-iqn-8,44,0.7216307615230461,0.7211923847695391,0.782998329335837,0.8310849774164002,0.8686993538779847,0.8965306978199155,0.9153709428130484,0.9286726822214404,0.939879759519038
926,475,qwen2.5-1.5b-2gpu-PPO-v3-iqn-8,42+1,0.7275801603206413,0.7255448396793587,0.7878729900746374,0.8335075659380253,0.8677145805123943,0.8945349632169961,0.9161389428683268,0.9326869860128812,0.9438877755511024
955,500,qwen2.5-1.5b-2gpu-PPO,42,0.6771042084168337,0.6752097945891784,0.7559959979013144,0.8131871899028653,0.8576257414553878,0.8925709005436,0.9188859431109212,0.9372854139379196,0.9498997995991983
953,500,qwen2.5-1.5b-2gpu-PPO,43,0.6730335671342685,0.6696361472945892,0.7514152320388809,0.8089539865257324,0.8528414501234989,0.8871783801039503,0.914930906164754,0.9363406022541648,0.9498997995991983
954,500,qwen2.5-1.5b-2gpu-PPO,44,0.6589428857715431,0.6600544839679359,0.749936635081186,0.8111828123814183,0.8557624625204001,0.8891843555599062,0.9147012467298588,0.9351469105203564,0.9519038076152304
957,500,qwen2.5-1.5b-2gpu-PPO-C51,42,0.6823021042084169,0.680439003006012,0.7577655310621243,0.8122289767010586,0.8534821795694565,0.8862127484474551,0.912124534240834,0.9316288925548698,0.9478957915831664
958,500,qwen2.5-1.5b-2gpu-PPO-C51,43,0.6662700400801603,0.6655811623246493,0.7516733762801193,0.8114812951737745,0.8553223879150316,0.8884281482777435,0.9134694466257892,0.9324506209636866,0.9458917835671342
956,500,qwen2.5-1.5b-2gpu-PPO-C51,44,0.6612600200400801,0.6622150551102205,0.7491262051662381,0.809046233637128,0.8526266078852599,0.8856025838099358,0.911808938513362,0.9329531891092944,0.9498997995991983
959,500,qwen2.5-1.5b-2gpu-PPO-QRDQN,42,0.6824899799599199,0.6804859719438878,0.7591033444842441,0.8143500463619403,0.8562654406841408,0.8889822374832392,0.9145983455398238,0.934604315457654,0.9498997995991983
960,500,qwen2.5-1.5b-2gpu-PPO-QRDQN,43,0.687750501002004,0.6859656813627254,0.7616157511874142,0.814156202919525,0.8541844574497747,0.8869957191716378,0.9127242680904732,0.9306376311283178,0.9438877755511024
961,500,qwen2.5-1.5b-2gpu-PPO-QRDQN,44,0.6642660320641283,0.6648922845691383,0.7511622654758336,0.8084840646797908,0.8489614480234414,0.8792319098397613,0.9032588988135528,0.9240402351324244,0.9438877755511024
962,500,qwen2.5-1.5b-2gpu-PPO-iqn,43,0.6727204408817635,0.672814378757515,0.7485968492102315,0.8031600531396502,0.8452965861475769,0.879632664131564,0.9094850219311794,0.9335609461397402,0.9498997995991983
963,500,qwen2.5-1.5b-2gpu-PPO-iqn,44,0.6710295591182365,0.6704346192384769,0.7552533709150584,0.810933760659677,0.8503452057477896,0.8816581898641745,0.907426393131688,0.9275026146738208,0.9438877755511024
952,500,qwen2.5-1.5b-2gpu-PPO-reweight-baseline1-v1-cvarupper25-iqn-1,42,0.6476077154308617,0.6464178356713427,0.7371768635696591,0.800460988343391,0.8473571812857433,0.8835421769539525,0.9117557286917028,0.9330514874988008,0.9478957915831664
938,500,qwen2.5-1.5b-2gpu-PPO-reweight-baseline1-v1-cvarupper25-iqn-1,43,0.654433867735471,0.6509425100200401,0.7393768836886371,0.8008432970177325,0.8463316498182727,0.8809311081996489,0.9069740923583928,0.9272603858246768,0.9458917835671342
939,500,qwen2.5-1.5b-2gpu-PPO-reweight-baseline1-v1-cvarupper25-iqn-1,44,0.6671467935871743,0.6676947645290581,0.7511168991526359,0.8094775811465451,0.8540825800139988,0.8888468409032002,0.9152485671882749,0.934451434831484,0.9478957915831664
949,500,qwen2.5-1.5b-2gpu-PPO-reweight-baseline1-v3-cvarupper25-iqn-1,42,0.6609468937875751,0.6597883266533067,0.7456771318227006,0.8062840392070231,0.852268969094582,0.888629770676922,0.917290540989191,0.9390974548244424,0.9519038076152304
950,500,qwen2.5-1.5b-2gpu-PPO-reweight-baseline1-v3-cvarupper25-iqn-1,43,0.6737850701402806,0.6776834919839679,0.7563290951982706,0.8108063066515483,0.8523479663574091,0.8859745322298654,0.9137915984940456,0.936886775729612,0.9559118236472944
951,500,qwen2.5-1.5b-2gpu-PPO-reweight-baseline1-v3-cvarupper25-iqn-1,44,0.6773547094188377,0.6781375250501002,0.757409504047465,0.8122302995567439,0.8531983972978592,0.8835519015622432,0.9057014225123527,0.9220546477864776,0.933867735470942
946,500,qwen2.5-1.5b-2gpu-PPO-reweight-baseline1-v3-cvarupper25-iqn-8,42,0.7218186372745491,0.7216777304609219,0.78569861179051,0.8325432176689337,0.8680461118322005,0.895711394043198,0.9168506518938236,0.9315407492560712,0.9418837675350702
947,500,qwen2.5-1.5b-2gpu-PPO-reweight-baseline1-v3-cvarupper25-iqn-8,43,0.7149298597194389,0.7144445140280561,0.7784469036498194,0.8270989930742625,0.864543433909886,0.8924501125962501,0.9128419518816016,0.928367388581094,0.9418837675350702
948,500,qwen2.5-1.5b-2gpu-PPO-reweight-baseline1-v3-cvarupper25-iqn-8,44,0.7277054108216433,0.7287700400801603,0.7878646071670901,0.8324552235329302,0.8661639392667521,0.8914515870386385,0.9111064338524396,0.927196204624,0.939879759519038
929,500,qwen2.5-1.5b-2gpu-PPO-risk-baseline1-v1-cvarlower25-iqn,42,0.7019664328657315,0.6984907314629258,0.7721040013097061,0.8238020968821783,0.8629313061675267,0.8935586705057169,0.918275075860914,0.9368070139053866,0.9498997995991983
930,500,qwen2.5-1.5b-2gpu-PPO-risk-baseline1-v1-cvarlower25-iqn,43,0.657252004008016,0.6620741482965932,0.7471091296766762,0.8071148049755305,0.8519370970094051,0.8851350554898335,0.910639260273317,0.9302563756270368,0.9418837675350702
931,500,qwen2.5-1.5b-2gpu-PPO-risk-baseline1-v1-cvarlower25-iqn,44,0.6601327655310621,0.6598196392785571,0.7412423271740332,0.7974485273509148,0.8383950797279771,0.8704552698832254,0.8970884469209884,0.9194771488695151,0.937875751503006
935,500,qwen2.5-1.5b-2gpu-PPO-risk-baseline1-v1-cvarupper25-iqn,42,0.6695891783567134,0.6707634018036072,0.7533388627649,0.8116316077975223,0.8563564136023336,0.8911643305055347,0.9172117994644718,0.9351896316812808,0.9478957915831664
936,500,qwen2.5-1.5b-2gpu-PPO-risk-baseline1-v1-cvarupper25-iqn,43,0.6743486973947895,0.6735815380761523,0.7565608579363451,0.8154543954801242,0.85998607167178,0.8941125001344027,0.9203958837347508,0.9410551212089552,0.9579158316633266
937,500,qwen2.5-1.5b-2gpu-PPO-risk-baseline1-v1-cvarupper25-iqn,44,0.658379258517034,0.6577686623246493,0.7436778083726507,0.8029763169007681,0.8463190506124969,0.8802011293215352,0.9078241630622028,0.9303910642290606,0.9498997995991983
940,500,qwen2.5-1.5b-2gpu-PPO-risk-baseline1-v3-cvarlower25-iqn-1,42,0.672062875751503,0.67312750501002,0.7517843265270698,0.808020876962023,0.8504286122852044,0.8830086338006109,0.9082992099921192,0.9290312040085762,0.9468937875751504
941,500,qwen2.5-1.5b-2gpu-PPO-risk-baseline1-v3-cvarlower25-iqn-1,43,0.6692760521042084,0.6694482715430862,0.7534229383964779,0.8102915132852881,0.8520526953134849,0.883945032830707,0.9087487536325064,0.9279657375537356,0.9438877755511024
942,500,qwen2.5-1.5b-2gpu-PPO-risk-baseline1-v3-cvarlower25-iqn-1,44,0.6695891783567134,0.6719532815631263,0.7545112370410111,0.8122150596656381,0.8553646141023081,0.8884590597138766,0.9137905266602904,0.9322332379663948,0.9478957915831664
927,500,qwen2.5-1.5b-2gpu-PPO-risk-baseline1-v3-cvarlower25-iqn-8,43,0.7263902805611222,0.7283316633266533,0.7878431567860129,0.8310308382043426,0.8633243731948458,0.887521950853199,0.9060814623653592,0.9218459563421112,0.937875751503006
928,500,qwen2.5-1.5b-2gpu-PPO-risk-baseline1-v3-cvarlower25-iqn-8,44,0.718186372745491,0.7182959669338678,0.7833617530336263,0.829545506460991,0.8623609517126146,0.8867403296374199,0.9066636519212574,0.9234680773352286,0.935871743486974
943,500,qwen2.5-1.5b-2gpu-PPO-risk-baseline1-v3-cvarupper25-iqn-1,42,0.6675851703406813,0.6641407815631263,0.7447190148012561,0.8018040490429679,0.8452555271967515,0.879056511830826,0.9047314910622528,0.9227869715710252,0.935871743486974
944,500,qwen2.5-1.5b-2gpu-PPO-risk-baseline1-v3-cvarupper25-iqn-1,43,0.6600701402805611,0.6592403557114228,0.743672137582251,0.8043917726717025,0.8488592516629324,0.8835881711637906,0.9110296662800644,0.9315461452275484,0.9478957915831664
945,500,qwen2.5-1.5b-2gpu-PPO-risk-baseline1-v3-cvarupper25-iqn-1,44,0.6740981963927856,0.6747244488977956,0.7568971604626575,0.8133214958225411,0.8559860997415942,0.8889014129981749,0.9128143062250906,0.9288072348344752,0.939879759519038
932,500,qwen2.5-1.5b-2gpu-PPO-risk-baseline1-v3-cvarupper25-iqn-8,42,0.7121743486973948,0.7146480460921844,0.7824053619049123,0.8329237898368915,0.8706459552270499,0.8981847532356279,0.9188384452376432,0.9345306129688132,0.9438877755511024
933,500,qwen2.5-1.5b-2gpu-PPO-risk-baseline1-v3-cvarupper25-iqn-8,43,0.720566132264529,0.718875250501002,0.783113224480457,0.8300453745886974,0.866202676766969,0.8943567575047503,0.916672411863822,0.9355270319162136,0.9498997995991983
934,500,qwen2.5-1.5b-2gpu-PPO-risk-baseline1-v3-cvarupper25-iqn-8,44,0.7222570140280561,0.7226640781563126,0.7842259321793192,0.8325288950604622,0.8706197170415967,0.8988122835440064,0.9194102481727814,0.9351613420658934,0.9458917835671342
964,500,qwen2.5-1.5b-2gpu-PPO-v3-iqn-8,42+1,0.7280811623246493,0.7272513777555111,0.790278144872422,0.8364517024299817,0.8700517886446143,0.8948845170449643,0.9150979177346992,0.9331918429688556,0.9478957915831664
993,525,qwen2.5-1.5b-2gpu-PPO,42,0.6817384769539078,0.6826778557114228,0.7627508954917709,0.8193125694583769,0.8630257785162381,0.8977378000265742,0.9247724779556667,0.9446435372412454,0.9579158316633266
991,525,qwen2.5-1.5b-2gpu-PPO,43,0.6804859719438878,0.6822707915831663,0.7593873771164376,0.8142910104047615,0.8572937429973746,0.8909350370239695,0.9172218742494528,0.9380170066045724,0.9539078156312624
992,525,qwen2.5-1.5b-2gpu-PPO,44,0.6777304609218436,0.6776052104208417,0.7592695232985657,0.8154723058790997,0.85734356136099,0.8885652326402664,0.9123088039745864,0.9297532788179216,0.9418837675350702
995,525,qwen2.5-1.5b-2gpu-PPO-C51,42,0.687249498997996,0.6882984719438878,0.7646552948416517,0.8190824908159025,0.8600802370664438,0.8921030147116666,0.9175381404869124,0.9357837196695514,0.9478957915831664
996,525,qwen2.5-1.5b-2gpu-PPO-C51,43,0.6716558116232465,0.6721098446893787,0.7559370709923785,0.8143458674003425,0.8571919856538265,0.8902765445879779,0.9162654175179418,0.9365871936601008,0.9519038076152304
994,525,qwen2.5-1.5b-2gpu-PPO-C51,44,0.6814253507014028,0.6828500751503006,0.7642677086456379,0.8189627240983655,0.8580395267271449,0.8880257034198026,0.9128777976014444,0.9314469201835576,0.9438877755511024
997,525,qwen2.5-1.5b-2gpu-PPO-QRDQN,42,0.687374749498998,0.6871712174348698,0.7625326933394347,0.815550073901083,0.8560573736886246,0.8878921436678926,0.913430288570564,0.9344000561716714,0.9519038076152304
998,525,qwen2.5-1.5b-2gpu-PPO-QRDQN,43,0.6901302605210421,0.6870303106212425,0.7648670865352752,0.8190280422111564,0.8594488343390718,0.8919311311240609,0.9165683039830792,0.9330444638437276,0.9458917835671342
999,525,qwen2.5-1.5b-2gpu-PPO-QRDQN,44,0.6722820641282565,0.6723603456913828,0.7555105289318795,0.8101859643546561,0.8496841738983512,0.880338195319431,0.9040964922571608,0.9222234559340704,0.935871743486974
1000,525,qwen2.5-1.5b-2gpu-PPO-iqn,43,0.6718436873747495,0.6751471693386774,0.749050265886103,0.8022345095139661,0.8420894508958818,0.8732830845810964,0.8998222484770674,0.9211115360624336,0.935871743486974
1001,525,qwen2.5-1.5b-2gpu-PPO-iqn,44,0.6712174348697395,0.6693230210420842,0.755569209284711,0.8126631769350476,0.8527304601651047,0.8840124953036684,0.9096749366936484,0.9296608497702726,0.9458917835671342
990,525,qwen2.5-1.5b-2gpu-PPO-reweight-baseline1-v1-cvarupper25-iqn-1,42,0.6483592184368737,0.6501127254509018,0.7377922676060783,0.7987693129040233,0.8438642860714161,0.8789401237279845,0.9081057568719488,0.93265449283209,0.9519038076152304
976,525,qwen2.5-1.5b-2gpu-PPO-reweight-baseline1-v1-cvarupper25-iqn-1,43,0.6459794589178357,0.6459951152304609,0.7382173303299513,0.8025470844200587,0.8490833821884831,0.8833672112172577,0.9101637265942312,0.932556061267048,0.9519038076152304
977,525,qwen2.5-1.5b-2gpu-PPO-reweight-baseline1-v1-cvarupper25-iqn-1,44,0.6675225450901804,0.6647044088176353,0.7495108326890002,0.8089184445005496,0.853205121228693,0.8874740470297239,0.9140804633103314,0.9343186862516278,0.9498997995991983
987,525,qwen2.5-1.5b-2gpu-PPO-reweight-baseline1-v3-cvarupper25-iqn-1,42,0.6614478957915831,0.6635771543086172,0.7493505712211825,0.8087774856048806,0.8525030332046725,0.886925799142342,0.9139432482977572,0.9348892027436972,0.9498997995991983
988,525,qwen2.5-1.5b-2gpu-PPO-reweight-baseline1-v3-cvarupper25-iqn-1,43,0.6831162324649298,0.6805016282565131,0.7571185678443502,0.8102614518500819,0.8502929029246589,0.8820651324594907,0.9081479897611832,0.929653847571794,0.9478957915831664
989,525,qwen2.5-1.5b-2gpu-PPO-reweight-baseline1-v3-cvarupper25-iqn-1,44,0.6742860721442886,0.6730335671342685,0.7566688495100438,0.814540856929457,0.857035846490553,0.8885446305055363,0.9129364959457316,0.9315854391373805,0.9438877755511024
984,525,qwen2.5-1.5b-2gpu-PPO-reweight-baseline1-v3-cvarupper25-iqn-8,42,0.7262024048096193,0.7252004008016032,0.7869920451138498,0.8327288318669586,0.8672627735239304,0.8934006069639653,0.9136016890220696,0.9290286876167808,0.9418837675350702
985,525,qwen2.5-1.5b-2gpu-PPO-reweight-baseline1-v3-cvarupper25-iqn-8,43,0.717998496993988,0.7180767785571143,0.7822014600066274,0.8310140519133505,0.8692689634811592,0.8982294947320077,0.9196676773471044,0.9363521372821392,0.9498997995991983
986,525,qwen2.5-1.5b-2gpu-PPO-reweight-baseline1-v3-cvarupper25-iqn-8,44,0.7275175350701403,0.7268286573146293,0.7863354662080065,0.8314274860181556,0.8658981964374777,0.8910786390967986,0.90818127942885,0.9206855522514972,0.93186372745491
967,525,qwen2.5-1.5b-2gpu-PPO-risk-baseline1-v1-cvarlower25-iqn,42,0.6941382765531062,0.6961735971943888,0.7735838310479227,0.8266373111802908,0.8656207099896425,0.8961301946883028,0.919782592067756,0.9370935362018062,0.9519038076152304
968,525,qwen2.5-1.5b-2gpu-PPO-risk-baseline1-v1-cvarlower25-iqn,43,0.6614478957915831,0.6630918086172345,0.7459525349912424,0.8050694147950944,0.84994750232649,0.8833835846860774,0.9080996326844109,0.9265787658406238,0.939879759519038
969,525,qwen2.5-1.5b-2gpu-PPO-risk-baseline1-v1-cvarlower25-iqn,44,0.6709043086172345,0.6704033066132264,0.7518578002461617,0.808606857697397,0.8513111902541184,0.8845988275080401,0.9114743890207871,0.93326580482923,0.9519038076152304
973,525,qwen2.5-1.5b-2gpu-PPO-risk-baseline1-v1-cvarupper25-iqn,42,0.6762900801603207,0.6783880260521042,0.7566819169835735,0.813379343989817,0.8565668519941272,0.8899319171070054,0.9145759598850536,0.9308377268707894,0.939879759519038
974,525,qwen2.5-1.5b-2gpu-PPO-risk-baseline1-v1-cvarupper25-iqn,43,0.6694639278557114,0.6680235470941884,0.7525693611632713,0.8118137457892914,0.8557089015519954,0.8894249559952048,0.9160452307281788,0.935814721993199,0.9478957915831664
975,525,qwen2.5-1.5b-2gpu-PPO-risk-baseline1-v1-cvarupper25-iqn,44,0.6588802605210421,0.6579565380761523,0.7462696061414167,0.8072149820826505,0.8512393694739236,0.8853887293856492,0.912620680773962,0.9331473555149116,0.9438877755511024
978,525,qwen2.5-1.5b-2gpu-PPO-risk-baseline1-v3-cvarlower25-iqn-1,42,0.6809243486973948,0.6807834418837675,0.7563522714720781,0.8108550094189129,0.8524627732935022,0.8851144417684522,0.9121911411999276,0.9329764669172655,0.9478957915831664
979,525,qwen2.5-1.5b-2gpu-PPO-risk-baseline1-v3-cvarlower25-iqn-1,43,0.6717810621242485,0.6697300851703407,0.7509859778612343,0.8068898252072199,0.8483099574756363,0.880264387015691,0.9056857208919332,0.927102681956024,0.9478957915831664
980,525,qwen2.5-1.5b-2gpu-PPO-risk-baseline1-v3-cvarlower25-iqn-1,44,0.6726578156312625,0.6715775300601202,0.7548349652060026,0.813033033070265,0.8559155772297886,0.8882878514688549,0.9136100706933128,0.931842869428682,0.9458917835671342
965,525,qwen2.5-1.5b-2gpu-PPO-risk-baseline1-v3-cvarlower25-iqn-8,43,0.7291457915831663,0.7265625,0.7865073158127278,0.8308563495570068,0.8647378270251974,0.8909375414298256,0.910852320702574,0.9255763123539074,0.935871743486974
966,525,qwen2.5-1.5b-2gpu-PPO-risk-baseline1-v3-cvarlower25-iqn-8,44,0.719251002004008,0.7191570641282565,0.783309976251716,0.8286075831828638,0.8605135181240684,0.8838377320885915,0.903113639818671,0.9211066794989688,0.937875751503006
981,525,qwen2.5-1.5b-2gpu-PPO-risk-baseline1-v3-cvarupper25-iqn-1,42,0.6638902805611222,0.6634832164328658,0.7442256560364825,0.802099429079381,0.8458105944505444,0.8801374229071126,0.9071781709832704,0.9268787305312588,0.937875751503006
982,525,qwen2.5-1.5b-2gpu-PPO-risk-baseline1-v3-cvarupper25-iqn-1,43,0.6654559118236473,0.6663483216432866,0.7489553417859341,0.8069642731281836,0.847523739963546,0.8776537301488099,0.9010381630879046,0.9186316536903996,0.93186372745491
983,525,qwen2.5-1.5b-2gpu-PPO-risk-baseline1-v3-cvarupper25-iqn-1,44,0.6776678356713427,0.6781688376753507,0.7566469060167579,0.8102063748794929,0.8496538805801525,0.8807469946809611,0.9063940749699472,0.9251966924810352,0.939879759519038
970,525,qwen2.5-1.5b-2gpu-PPO-risk-baseline1-v3-cvarupper25-iqn-8,42,0.7139904809619239,0.7159005511022044,0.7833923259905639,0.8345396505421793,0.872543061971813,0.8991711622512085,0.9180628687154498,0.9333853839806632,0.9458917835671342
971,525,qwen2.5-1.5b-2gpu-PPO-risk-baseline1-v3-cvarupper25-iqn-8,43,0.7169964929859719,0.7181394038076152,0.7815525243400187,0.8287134522137639,0.8661838783087764,0.8957815730746018,0.9179761162495342,0.9340836834789102,0.9458917835671342
972,525,qwen2.5-1.5b-2gpu-PPO-risk-baseline1-v3-cvarupper25-iqn-8,44,0.7191257515030061,0.7206131012024048,0.7816365999715967,0.8283172988271257,0.865273233674684,0.8938806397816355,0.9149911425645416,0.9312072450015254,0.9458917835671342
1002,525,qwen2.5-1.5b-2gpu-PPO-v3-iqn-8,42+1,0.7287074148296593,0.7286134769539078,0.7907776675398039,0.8354708244760988,0.8684215233648873,0.8950635779665593,0.9175858136619248,0.9355142275993524,0.9498997995991983
1031,550,qwen2.5-1.5b-2gpu-PPO,42,0.6903181362725451,0.6910226703406813,0.7671420597099712,0.8204609101968467,0.861616070441187,0.8948097648325426,0.9219474071167968,0.943408889594106,0.9599198396793588
1029,550,qwen2.5-1.5b-2gpu-PPO,43,0.6824273547094188,0.6859500250501002,0.7603094969466492,0.8131121483687285,0.8544656235938305,0.8871898158648238,0.913034570661663,0.931878020956169,0.9438877755511024
1030,550,qwen2.5-1.5b-2gpu-PPO,44,0.6739729458917836,0.6749592935871743,0.7599514974831554,0.817836060009032,0.8605411395494087,0.8927529352831657,0.9172266273466316,0.9349708674726048,0.9498997995991983
1033,550,qwen2.5-1.5b-2gpu-PPO-C51,42,0.685871743486974,0.6847131763527055,0.7619562451675004,0.8176027850601842,0.8586003739399182,0.8899178774433267,0.9147087635330038,0.9335108181185894,0.9458917835671342
1034,550,qwen2.5-1.5b-2gpu-PPO-C51,43,0.6747244488977956,0.6737381012024048,0.7582386722263424,0.816050046098947,0.858161736024977,0.8900680990013128,0.9141849928911226,0.9314216160375228,0.9418837675350702
1032,550,qwen2.5-1.5b-2gpu-PPO-C51,44,0.6757264529058116,0.6775269288577155,0.7598190968551275,0.8164477870251189,0.8582380612991442,0.8899675993294267,0.9145182966113384,0.933783311179662,0.9478957915831664
1035,550,qwen2.5-1.5b-2gpu-PPO-QRDQN,42,0.687938376753507,0.6874686873747495,0.7634752773263062,0.8170563538024682,0.8577386654998853,0.8889633788136423,0.9119374873108012,0.9283797958497724,0.9418837675350702
1036,550,qwen2.5-1.5b-2gpu-PPO-QRDQN,43,0.688063627254509,0.6877348446893787,0.7627720993167438,0.8163421650199537,0.8573403230177585,0.8908508428887723,0.917928788876384,0.9374794097437,0.9519038076152304
1037,550,qwen2.5-1.5b-2gpu-PPO-QRDQN,44,0.6765405811623246,0.6751315130260521,0.7563009878023764,0.8104318507656483,0.8495109355124646,0.8791434748016947,0.9020997528355844,0.9205535319710432,0.937875751503006
1038,550,qwen2.5-1.5b-2gpu-PPO-iqn,43,0.6815506012024048,0.6803920340681363,0.7542955004497184,0.8082764090235212,0.8497607841230121,0.8839115353612369,0.911721061953808,0.9319222574988716,0.9458917835671342
1039,550,qwen2.5-1.5b-2gpu-PPO-iqn,44,0.689003006012024,0.687625250501002,0.7674788553484921,0.8210075918616385,0.8591065687400958,0.8884600762397804,0.9118405921812734,0.9298618812960944,0.9418837675350702
1028,550,qwen2.5-1.5b-2gpu-PPO-reweight-baseline1-v1-cvarupper25-iqn-1,42,0.654308617234469,0.6502849448897795,0.7389047287488363,0.8009074570212791,0.846200479906788,0.8809907418307337,0.9094895297495784,0.9318487738016056,0.9458917835671342
1014,550,qwen2.5-1.5b-2gpu-PPO-reweight-baseline1-v1-cvarupper25-iqn-1,43,0.6544964929859719,0.6566727204408818,0.7461879960708819,0.8083238169251888,0.8535690996944715,0.8876958766756574,0.9151971619201508,0.9370091280155904,0.9519038076152304
1015,550,qwen2.5-1.5b-2gpu-PPO-reweight-baseline1-v1-cvarupper25-iqn-1,44,0.686497995991984,0.6852611472945892,0.7638549737269815,0.8187096042478658,0.8596720245301306,0.8915272660339646,0.9150284312767284,0.9325386566137364,0.9478957915831664
1025,550,qwen2.5-1.5b-2gpu-PPO-reweight-baseline1-v3-cvarupper25-iqn-1,42,0.6705285571142284,0.6711548096192385,0.7551421741120035,0.8130942918833544,0.8554786756342537,0.8877242779509334,0.9127029624461828,0.9314590538878572,0.9458917835671342
1026,550,qwen2.5-1.5b-2gpu-PPO-reweight-baseline1-v3-cvarupper25-iqn-1,43,0.6824273547094188,0.6872338426853707,0.763503877834409,0.816788045720237,0.8572079382353918,0.8898445013484064,0.9159538385784968,0.934531757197582,0.9478957915831664
1027,550,qwen2.5-1.5b-2gpu-PPO-reweight-baseline1-v3-cvarupper25-iqn-1,44,0.6810495991983968,0.6825682615230461,0.762434070897701,0.818045420236799,0.8598245652790187,0.8908684749102478,0.9130893398706134,0.9288292446740832,0.9418837675350702
1022,550,qwen2.5-1.5b-2gpu-PPO-reweight-baseline1-v3-cvarupper25-iqn-8,42,0.7268912825651302,0.7272200651302605,0.7896770410900542,0.8355127959330736,0.8700163499658252,0.8964771065979498,0.9167244464812958,0.9316064995720972,0.9438877755511024
1023,550,qwen2.5-1.5b-2gpu-PPO-reweight-baseline1-v3-cvarupper25-iqn-8,43,0.7168712424849699,0.7195171593186372,0.7837244370631026,0.8316986280397315,0.8683618709600565,0.8962955086079153,0.917555397000076,0.9320721253190938,0.9418837675350702
1024,550,qwen2.5-1.5b-2gpu-PPO-reweight-baseline1-v3-cvarupper25-iqn-8,44,0.7273922845691383,0.728503882765531,0.7865134797153363,0.8312004609143296,0.866426341577191,0.8928561064681266,0.9125031793697784,0.9295672735202242,0.9458917835671342
1005,550,qwen2.5-1.5b-2gpu-PPO-risk-baseline1-v1-cvarlower25-iqn,42,0.6958917835671342,0.6980366983967936,0.7742783795938334,0.82815662953203,0.8672990159655338,0.896250597153376,0.918341066680528,0.9347741737590598,0.9478957915831664
1006,550,qwen2.5-1.5b-2gpu-PPO-risk-baseline1-v1-cvarlower25-iqn,43,0.6763527054108216,0.6754446392785571,0.7558337639846622,0.8135652818573029,0.8571485772991947,0.8904294397385677,0.9161133990006196,0.9365555938531565,0.9539078156312624
1007,550,qwen2.5-1.5b-2gpu-PPO-risk-baseline1-v1-cvarlower25-iqn,44,0.6738476953907816,0.6764622995991983,0.7576501428052955,0.8142226271064814,0.8560573686395191,0.8890307926049241,0.915728692052714,0.9345941249427746,0.9478957915831664
1011,550,qwen2.5-1.5b-2gpu-PPO-risk-baseline1-v1-cvarupper25-iqn,42,0.6739729458917836,0.6753976703406813,0.7517118390323955,0.8071153910746127,0.8510682322711377,0.8858053664043787,0.9109734092885284,0.9278883439302288,0.939879759519038
1012,550,qwen2.5-1.5b-2gpu-PPO-risk-baseline1-v1-cvarupper25-iqn,43,0.6769789579158316,0.6760239228456913,0.7586346413299039,0.8174586807661067,0.8611948273219674,0.8938865097151195,0.9188620977517872,0.936706298471773,0.9498997995991983
1013,550,qwen2.5-1.5b-2gpu-PPO-risk-baseline1-v1-cvarupper25-iqn,44,0.6664579158316634,0.6650958166332666,0.7508599876919193,0.8098250539323867,0.852196791623033,0.8849854113350425,0.9127498108372464,0.9354442970574836,0.9519038076152304
1016,550,qwen2.5-1.5b-2gpu-PPO-risk-baseline1-v3-cvarlower25-iqn-1,42,0.687186873747495,0.6865762775551102,0.7604147764032001,0.8145340046422054,0.8558623160113403,0.8874542202829236,0.9119255676170746,0.9302014081456944,0.943887775551102
1017,550,qwen2.5-1.5b-2gpu-PPO-risk-baseline1-v3-cvarlower25-iqn-1,43,0.6789203406813628,0.680125876753507,0.7574329268773768,0.8111456963420655,0.8521011129700992,0.8843724030947182,0.910271571965944,0.9312446551711112,0.9478957915831664
1018,550,qwen2.5-1.5b-2gpu-PPO-risk-baseline1-v3-cvarlower25-iqn-1,44,0.6760395791583166,0.6789829659318637,0.7590027495936755,0.8150625818566267,0.8560356593368167,0.8883000010126166,0.9156296679651617,0.9357526808381816,0.9478957915831664
1003,550,qwen2.5-1.5b-2gpu-PPO-risk-baseline1-v3-cvarlower25-iqn-8,43,0.7276427855711423,0.7304922344689379,0.7891126741672321,0.8312371114557573,0.8628428417975722,0.8868976631479468,0.9063851537746302,0.923732134878786,0.937875751503006
1004,550,qwen2.5-1.5b-2gpu-PPO-risk-baseline1-v3-cvarlower25-iqn-8,44,0.7179358717434869,0.72000250501002,0.784240478989475,0.8301304804960502,0.8632397916114815,0.8868669416909544,0.9040601103383415,0.9181355014488388,0.9298597194388778
1019,550,qwen2.5-1.5b-2gpu-PPO-risk-baseline1-v3-cvarupper25-iqn-1,42,0.6655185370741483,0.6666614478957916,0.7476596894576555,0.805344327199581,0.8482223901798774,0.8814862202611543,0.908234719179494,0.9274512863254932,0.939879759519038
1020,550,qwen2.5-1.5b-2gpu-PPO-risk-baseline1-v3-cvarupper25-iqn-1,43,0.6775425851703407,0.6755698897795591,0.7567193935114322,0.8144613674292718,0.8553295838888451,0.8850188469380451,0.9062575959912356,0.9211423702653077,0.933867735470942
1021,550,qwen2.5-1.5b-2gpu-PPO-risk-baseline1-v3-cvarupper25-iqn-1,44,0.6784819639278558,0.6774486472945892,0.7532648959335995,0.8060776673331665,0.8456897753624119,0.8765970624116395,0.9011178301539564,0.9199261512268204,0.933867735470942
1008,550,qwen2.5-1.5b-2gpu-PPO-risk-baseline1-v3-cvarupper25-iqn-8,42,0.7101703406813628,0.7136460420841684,0.7802916364224513,0.8313956978448835,0.8700799030935024,0.8976077218284562,0.917322338491329,0.9323927352151936,0.9438877755511024
1009,550,qwen2.5-1.5b-2gpu-PPO-risk-baseline1-v3-cvarupper25-iqn-8,43,0.7156813627254509,0.7151490480961924,0.7792681820333581,0.8282296082603903,0.8664935018514419,0.8962662272881531,0.918347975488072,0.9334629821572404,0.9438877755511024
1010,550,qwen2.5-1.5b-2gpu-PPO-risk-baseline1-v3-cvarupper25-iqn-8,44,0.7216307615230461,0.7219595440881763,0.783409338361763,0.8303175980757916,0.8658027755807205,0.8916006697139706,0.9103146155120588,0.9240787216764093,0.933867735470942
1040,550,qwen2.5-1.5b-2gpu-PPO-v3-iqn-8,42+1,0.7308992985971944,0.7311341432865731,0.7923408332412858,0.8372566539152546,0.8705762983133445,0.8949877455587132,0.9126654571166658,0.927221790444001,0.939879759519038
1068,575,qwen2.5-1.5b-2gpu-PPO,42,0.7037825651302605,0.7022012775551102,0.7731346058258248,0.825365533278781,0.8661707738604552,0.898375902304701,0.9238591607860208,0.9432012805482366,0.9579158316633266
1066,575,qwen2.5-1.5b-2gpu-PPO,43,0.6940756513026052,0.6941852454909819,0.7675799433512696,0.8199518329873096,0.8604466715968693,0.8916137648667926,0.9154260350827276,0.9322409865764172,0.9438877755511024
1067,575,qwen2.5-1.5b-2gpu-PPO,44,0.6707164328657315,0.6694952404809619,0.7556308483107949,0.8158722206317396,0.8608229904006068,0.893924293557641,0.9191385629351656,0.9387717494942984,0.9539078156312624
1070,575,qwen2.5-1.5b-2gpu-PPO-C51,42,0.6971442885771543,0.6957665330661322,0.7692816735833872,0.8223596343417995,0.8615663192128987,0.8917331187748078,0.915740459302582,0.9336782192084117,0.9458917835671342
1071,575,qwen2.5-1.5b-2gpu-PPO-C51,43,0.6789829659318637,0.6805329408817635,0.7628465592602528,0.8196503152536795,0.8615985955204551,0.893793967740212,0.9197252051594086,0.941575398247332,0.9579158316633266
1069,575,qwen2.5-1.5b-2gpu-PPO-C51,44,0.6881888777555111,0.6910226703406813,0.7687175532166696,0.8211661553327879,0.8593012022623355,0.8889198224026528,0.9135416991780436,0.9325493123307502,0.9458917835671342
1072,575,qwen2.5-1.5b-2gpu-PPO-QRDQN,42,0.68687374749499,0.6893631012024048,0.766442086929765,0.8207102786375151,0.8620487654985909,0.8935660840131127,0.9181376816914464,0.938294113144872,0.9519038076152304
1073,575,qwen2.5-1.5b-2gpu-PPO-QRDQN,43,0.6958291583166333,0.6959230961923848,0.7697789772458303,0.8208590698457282,0.8589229276167998,0.8901957238464837,0.915576250193321,0.9336480716784896,0.9458917835671342
1074,575,qwen2.5-1.5b-2gpu-PPO-QRDQN,44,0.6747870741482966,0.6739259769539078,0.7593629680621085,0.8164570175221083,0.8572766292921756,0.8878762194450018,0.9105255708126142,0.9266802863770652,0.939879759519038
1075,575,qwen2.5-1.5b-2gpu-PPO-iqn,43,0.690067635270541,0.6875156563126252,0.7600464215833241,0.8116613070535521,0.8502744913309148,0.8812130486937608,0.9062377824269208,0.9242900437523084,0.933867735470942
1076,575,qwen2.5-1.5b-2gpu-PPO-iqn,44,0.6980836673346693,0.6953594689378757,0.7723421745064932,0.8244548352422881,0.8623615027675632,0.8906866400925288,0.9116407586238998,0.926572190406426,0.939879759519038
1065,575,qwen2.5-1.5b-2gpu-PPO-reweight-baseline1-v1-cvarupper25-iqn-1,42,0.6578156312625251,0.658817635270541,0.747745490981964,0.808901001665874,0.8529268662157024,0.8866816675197677,0.9138794660806516,0.9340461036922296,0.9478957915831664
1052,575,qwen2.5-1.5b-2gpu-PPO-reweight-baseline1-v1-cvarupper25-iqn-1,43,0.6610721442885772,0.6629039328657315,0.7515303737396052,0.8117923385203102,0.8553531201255007,0.8883095435482985,0.9142279228318734,0.9344917582834597,0.9498997995991983
1062,575,qwen2.5-1.5b-2gpu-PPO-reweight-baseline1-v3-cvarupper25-iqn-1,42,0.6751002004008017,0.6779496492985972,0.7588895803417859,0.817129100533275,0.861735918619581,0.8955695797527128,0.9205853612397996,0.9386365280702698,0.9539078156312624
1063,575,qwen2.5-1.5b-2gpu-PPO-reweight-baseline1-v3-cvarupper25-iqn-1,43,0.6835546092184369,0.680752129258517,0.7594864926703802,0.8140773735322163,0.8550361142141933,0.8868599617371967,0.9110957713868832,0.9289925711640056,0.9418837675350702
1064,575,qwen2.5-1.5b-2gpu-PPO-reweight-baseline1-v3-cvarupper25-iqn-1,44,0.6896918837675351,0.6853550851703407,0.762627124327395,0.8164771225991541,0.8566081918031749,0.8866663678391329,0.9096617457894004,0.9272896390438038,0.9418837675350702
1059,575,qwen2.5-1.5b-2gpu-PPO-reweight-baseline1-v3-cvarupper25-iqn-8,42,0.7278306613226453,0.7270165330661322,0.7895111088318368,0.8357491696929668,0.8710958405326509,0.8983835912029347,0.9183532981185778,0.932148394136737,0.9438877755511024
1060,575,qwen2.5-1.5b-2gpu-PPO-reweight-baseline1-v3-cvarupper25-iqn-8,43,0.7171843687374749,0.7171060871743486,0.7811331324065454,0.8295470492916842,0.8679173242520748,0.8976508503067125,0.919127684000682,0.9333669947841056,0.9418837675350702
1061,575,qwen2.5-1.5b-2gpu-PPO-reweight-baseline1-v3-cvarupper25-iqn-8,44,0.7271417835671342,0.728503882765531,0.7867279835261074,0.8322352423256713,0.8683429288598749,0.8950567578361872,0.9142957885443306,0.9290265105336596,0.9438877755511024
1043,575,qwen2.5-1.5b-2gpu-PPO-risk-baseline1-v1-cvarlower25-iqn,42,0.7029058116232465,0.7006513026052105,0.7756060842156755,0.8288915925213758,0.8680310870561897,0.8971516583261618,0.9191126665576784,0.9345022327475012,0.9438877755511024
1044,575,qwen2.5-1.5b-2gpu-PPO-risk-baseline1-v1-cvarlower25-iqn,43,0.6793587174348698,0.6796875,0.7576577860445299,0.8132683180384015,0.8558904217795981,0.8890392121652619,0.914649562147361,0.9325986720194912,0.9458917835671342
1045,575,qwen2.5-1.5b-2gpu-PPO-risk-baseline1-v1-cvarlower25-iqn,44,0.6752254509018036,0.6766345190380761,0.7582682589588626,0.8152047674276186,0.8566348310755977,0.887874168047321,0.9118087523436748,0.9288276122419498,0.9438877755511024
1049,575,qwen2.5-1.5b-2gpu-PPO-risk-baseline1-v1-cvarupper25-iqn,42,0.6811748496993988,0.6832258266533067,0.7607054660502107,0.8161785958493666,0.8588789423370251,0.8920736396717187,0.9172377967076492,0.9359505871174806,0.9498997995991983
1050,575,qwen2.5-1.5b-2gpu-PPO-risk-baseline1-v1-cvarupper25-iqn,43,0.6802354709418837,0.6800319388777555,0.760689439903429,0.8179247120036849,0.8601458609780785,0.8913419961391742,0.9146756207946484,0.9319222802727848,0.9438877755511024
1051,575,qwen2.5-1.5b-2gpu-PPO-risk-baseline1-v1-cvarupper25-iqn,44,0.6664579158316634,0.6658942885771543,0.7515311134079183,0.8102179118266529,0.853588766598972,0.8878406425869536,0.9153208294846696,0.9355732672986976,0.9498997995991983
1053,575,qwen2.5-1.5b-2gpu-PPO-risk-baseline1-v3-cvarlower25-iqn-1,42,0.6854020541082164,0.6861535571142284,0.7599694960787717,0.8135142651256769,0.8536377926458818,0.8846005519870926,0.9094173050911384,0.9282170307616708,0.9428857715430862
1054,575,qwen2.5-1.5b-2gpu-PPO-risk-baseline1-v3-cvarlower25-iqn-1,43,0.6807990981963928,0.6833510771543087,0.7601398663468669,0.8135401496656605,0.8538922955180819,0.8853945096113384,0.910327672571984,0.9312486398804524,0.9498997995991983
1055,575,qwen2.5-1.5b-2gpu-PPO-risk-baseline1-v3-cvarlower25-iqn-1,44,0.6829283567134269,0.6800319388777555,0.7593750493112209,0.8160135696965736,0.8583166962689492,0.8909423728248339,0.9163939148939576,0.9354088870953208,0.9498997995991983
1041,575,qwen2.5-1.5b-2gpu-PPO-risk-baseline1-v3-cvarlower25-iqn-8,43,0.7305235470941884,0.7304139529058116,0.7893353143294464,0.8328773022234947,0.8668150417713637,0.8934050497095146,0.9134595590129152,0.928784381140502,0.939879759519038
1042,575,qwen2.5-1.5b-2gpu-PPO-risk-baseline1-v3-cvarlower25-iqn-8,44,0.7167459919839679,0.7164172094188377,0.7810113336910041,0.8275533205518648,0.8608208722885731,0.8844991484860174,0.9027092518172714,0.9190602673263456,0.935871743486974
1056,575,qwen2.5-1.5b-2gpu-PPO-risk-baseline1-v3-cvarupper25-iqn-1,42,0.6687750501002004,0.6695422094188377,0.7499812617360705,0.8072486673759969,0.850032921805339,0.8828819489967438,0.9090928058024792,0.9293063802842662,0.9438877755511024
1057,575,qwen2.5-1.5b-2gpu-PPO-risk-baseline1-v3-cvarupper25-iqn-1,43,0.6761022044088176,0.6779809619238477,0.7576590188250517,0.8140765157987516,0.8548676775245294,0.8868067111058286,0.911959798287679,0.9306680662085208,0.9438877755511024
1058,575,qwen2.5-1.5b-2gpu-PPO-risk-baseline1-v3-cvarupper25-iqn-1,44,0.6817384769539078,0.6845409569138277,0.7590404726776387,0.8113419320831389,0.8510273462239586,0.8818710696865882,0.9063842802074592,0.9247407183543076,0.939879759519038
1046,575,qwen2.5-1.5b-2gpu-PPO-risk-baseline1-v3-cvarupper25-iqn-8,42,0.7107965931863728,0.712002129258517,0.7793076310100516,0.8304806046288301,0.8682910524766444,0.8961475487886323,0.918065865182854,0.935539913399628,0.9478957915831664
1047,575,qwen2.5-1.5b-2gpu-PPO-risk-baseline1-v3-cvarupper25-iqn-8,43,0.719689378757515,0.7200494739478958,0.7830293954049832,0.8290900742241889,0.8645215272391764,0.8921809264754138,0.9147125754940888,0.934283590212092,0.9498997995991983
1048,575,qwen2.5-1.5b-2gpu-PPO-risk-baseline1-v3-cvarupper25-iqn-8,44,0.719939879759519,0.7225857965931863,0.7834825655247503,0.8299410252826613,0.8659137186412258,0.8928716465368158,0.9122281031720588,0.9257557562976092,0.935871743486974
1077,575,qwen2.5-1.5b-2gpu-PPO-v3-iqn-8,42+1,0.7297720440881763,0.7285508517034068,0.7890626232780523,0.8327549219173255,0.8661048634613489,0.8918456455633968,0.91078518299811,0.9242077442920954,0.933867735470942
1104,600,qwen2.5-1.5b-2gpu-PPO,42,0.7096693386773547,0.7099668086172345,0.7805152628090827,0.83155659725901,0.8707792214269867,0.9010594452002668,0.9228334469737436,0.937714431989523,0.9498997995991983
1102,600,qwen2.5-1.5b-2gpu-PPO,43,0.6648296593186372,0.6659725701402806,0.7504908932037303,0.8092805515417788,0.8520968661516191,0.8851470099202555,0.9097262092330162,0.926211860325546,0.937875751503006
1103,600,qwen2.5-1.5b-2gpu-PPO,44,0.6781062124248497,0.6750062625250501,0.7583979474697427,0.815909792776404,0.8587469182541726,0.8910154247548105,0.9150543926806136,0.934144634685656,0.9519038076152304
1106,600,qwen2.5-1.5b-2gpu-PPO-C51,42,0.6970816633266533,0.6967059118236473,0.76916579221435,0.8218098707726665,0.860986564331004,0.8913018173198223,0.9151688842744056,0.933671424986114,0.9498997995991983
1107,600,qwen2.5-1.5b-2gpu-PPO-C51,43,0.6868111222444889,0.6896449148296593,0.7690642110993641,0.8242991267499379,0.8657484030542808,0.8980200561594731,0.9234388767090688,0.942466095024031,0.9579158316633266
1105,600,qwen2.5-1.5b-2gpu-PPO-C51,44,0.6955786573146293,0.6907721693386774,0.7690775251289982,0.8220496493549527,0.8609733836345663,0.8911494277223939,0.9153846542515706,0.9342521128634655,0.9498997995991983
1108,600,qwen2.5-1.5b-2gpu-PPO-QRDQN,42,0.6782314629258517,0.6837111723446894,0.7622333742287726,0.8183030286294374,0.8616120430042561,0.8948172619501172,0.918793836333432,0.9362696524578532,0.9519038076152304
1109,600,qwen2.5-1.5b-2gpu-PPO-QRDQN,43,0.7018411823647295,0.6995397044088176,0.7716054648667413,0.8215999039699197,0.8578039971726852,0.8862611740154444,0.909178694668372,0.9269279361520154,0.9418837675350702
1110,600,qwen2.5-1.5b-2gpu-PPO-QRDQN,44,0.6807990981963928,0.6785132765531062,0.7602409543496442,0.8171111869408108,0.859982203052906,0.8913046634162352,0.9132532929530164,0.9290814924280008,0.9418837675350702
1111,600,qwen2.5-1.5b-2gpu-PPO-iqn,43,0.6920090180360722,0.6908034819639278,0.7622873700156219,0.8136557163821457,0.8526046720114406,0.884138432346995,0.909683017370692,0.928288966567288,0.939879759519038
1112,600,qwen2.5-1.5b-2gpu-PPO-iqn,44,0.6962049098196392,0.6943887775551102,0.7741615120003787,0.8275578603776733,0.8658425210787669,0.8948826841152864,0.9172431845963204,0.9348234342687304,0.9519038076152304
1101,600,qwen2.5-1.5b-2gpu-PPO-reweight-baseline1-v1-cvarupper25-iqn-1,42,0.6608842685370742,0.6620271793587175,0.7496166052577596,0.8101735629113496,0.8539590091041451,0.887176131326993,0.9123936535481146,0.9303534170689822,0.9418837675350702
1089,600,qwen2.5-1.5b-2gpu-PPO-reweight-baseline1-v1-cvarupper25-iqn-1,43,0.6645165330661322,0.6635458416833667,0.7539232007321731,0.8144910486514837,0.8577313103871332,0.8905623731526745,0.916357201678205,0.9364622385409528,0.9519038076152304
1098,600,qwen2.5-1.5b-2gpu-PPO-reweight-baseline1-v3-cvarupper25-iqn-1,42,0.6839303607214429,0.6842904559118237,0.7652849991321224,0.8228881745493236,0.8657594225397766,0.8978123542581272,0.9207565006365608,0.9366343187431866,0.9478957915831664
1099,600,qwen2.5-1.5b-2gpu-PPO-reweight-baseline1-v3-cvarupper25-iqn-1,43,0.6818637274549099,0.6870303106212425,0.7635411078061636,0.817010384473484,0.8563644669107441,0.886444759577255,0.9105688276005776,0.9299732665991892,0.9478957915831664
1100,600,qwen2.5-1.5b-2gpu-PPO-reweight-baseline1-v3-cvarupper25-iqn-1,44,0.6819889779559118,0.6877818136272545,0.7648439102614678,0.818801776594058,0.85878189230982,0.8888271049390097,0.9121017060491746,0.9310879305802082,0.9478957915831664
1095,600,qwen2.5-1.5b-2gpu-PPO-reweight-baseline1-v3-cvarupper25-iqn-8,42,0.7299599198396793,0.7298503256513026,0.7932834172281571,0.839943084707097,0.8757656984406605,0.9028086466702786,0.9222144409722158,0.9356592983458972,0.9478957915831664
1096,600,qwen2.5-1.5b-2gpu-PPO-reweight-baseline1-v3-cvarupper25-iqn-8,43,0.7239478957915831,0.718687374749499,0.7828868859766778,0.8300437259971762,0.8663769043920919,0.8948190699530838,0.9172463541536996,0.935640469181886,0.9498997995991983
1097,600,qwen2.5-1.5b-2gpu-PPO-reweight-baseline1-v3-cvarupper25-iqn-8,44,0.7305861723446894,0.7314003006012024,0.7901097470531615,0.8346544284669827,0.8682814119695192,0.8945852878008903,0.9156482942143542,0.9330050217321604,0.9478957915831664
1080,600,qwen2.5-1.5b-2gpu-PPO-risk-baseline1-v1-cvarlower25-iqn,42,0.7082289579158316,0.7081976452905812,0.7794015688858031,0.8302755180402048,0.8675481057316645,0.8942563613772725,0.9129684752444008,0.9262408762146036,0.937875751503006
1081,600,qwen2.5-1.5b-2gpu-PPO-risk-baseline1-v1-cvarlower25-iqn,43,0.6792960921843687,0.6815975701402806,0.7583358153314503,0.8134268925928347,0.8553296727968903,0.8875141190884283,0.9120740769480896,0.9308494625228942,0.9458917835671342
1082,600,qwen2.5-1.5b-2gpu-PPO-risk-baseline1-v1-cvarlower25-iqn,44,0.6791708416833667,0.6782158066132264,0.7580468515771701,0.8146842785683854,0.8569346766965873,0.8893655569712573,0.9144847032572548,0.9306029537448824,0.937875751503006
1086,600,qwen2.5-1.5b-2gpu-PPO-risk-baseline1-v1-cvarupper25-iqn,42,0.6924473947895792,0.6902555110220441,0.7663548060688306,0.821992246397557,0.8643953676865427,0.8957702035707751,0.9186390513055834,0.935608755943206,0.9519038076152304
1087,600,qwen2.5-1.5b-2gpu-PPO-risk-baseline1-v1-cvarupper25-iqn,43,0.6766032064128257,0.679436998997996,0.7599046518233317,0.8164876107670911,0.8580059727007783,0.8893916676099244,0.914353576682514,0.935111909105748,0.9519038076152304
1088,600,qwen2.5-1.5b-2gpu-PPO-risk-baseline1-v1-cvarupper25-iqn,44,0.6653306613226453,0.6673346693386774,0.7522668368232529,0.8100057929883013,0.8525014583053523,0.8861825954342949,0.913425828270564,0.934991116940697,0.9539078156312624
1090,600,qwen2.5-1.5b-2gpu-PPO-risk-baseline1-v3-cvarlower25-iqn-1,42,0.6895666332665331,0.6890656312625251,0.7626127007952913,0.8157424597038097,0.8554382780860036,0.8870095443103247,0.912808885097228,0.9323195198615764,0.9478957915831664
1091,600,qwen2.5-1.5b-2gpu-PPO-risk-baseline1-v3-cvarlower25-iqn-1,44,0.6910696392785571,0.6926822394789579,0.7671272663437111,0.820616042546285,0.8604867854386008,0.8926509085391637,0.9199211026215396,0.9399226724649938,0.9539078156312624
1078,600,qwen2.5-1.5b-2gpu-PPO-risk-baseline1-v3-cvarlower25-iqn-8,43,0.7327780561122245,0.7316038326653307,0.7906874280056175,0.8343915829409099,0.8671413084655781,0.8905815382878376,0.9075244768758516,0.921138445688898,0.93186372745491
1079,600,qwen2.5-1.5b-2gpu-PPO-risk-baseline1-v3-cvarlower25-iqn-8,44,0.7205035070140281,0.7199085671342685,0.7842740106196645,0.8308823706655907,0.8643599791171112,0.8877621157631763,0.9045463909718972,0.9177197775989528,0.9298597194388778
1092,600,qwen2.5-1.5b-2gpu-PPO-risk-baseline1-v3-cvarupper25-iqn-1,42,0.6739103206412825,0.6737850701402806,0.7500949241001688,0.8041666024211903,0.8452946354971549,0.8767358070769256,0.902574567027626,0.9247084979004888,0.9418837675350702
1093,600,qwen2.5-1.5b-2gpu-PPO-risk-baseline1-v3-cvarupper25-iqn-1,43,0.6776678356713427,0.6804859719438878,0.7577169595095704,0.8136998355541228,0.8547790685757627,0.8863430941177105,0.9118078605399976,0.931257789593584,0.9438877755511024
1094,600,qwen2.5-1.5b-2gpu-PPO-risk-baseline1-v3-cvarupper25-iqn-1,44,0.686998997995992,0.6849480210420842,0.7584124942798983,0.8100057015042458,0.8495266815737882,0.8803466686940878,0.9053415051875856,0.9263961039054056,0.9458917835671342
1083,600,qwen2.5-1.5b-2gpu-PPO-risk-baseline1-v3-cvarupper25-iqn-8,42,0.7141783567134269,0.7114541583166333,0.7796466456535117,0.8321941793222741,0.8715284122068502,0.8983708639864342,0.917202512658162,0.9327523460893076,0.9438877755511024
1084,600,qwen2.5-1.5b-2gpu-PPO-risk-baseline1-v3-cvarupper25-iqn-8,43,0.7226327655310621,0.7230241733466933,0.7847698349454816,0.8304753413839303,0.8664809932881107,0.8948688875920996,0.9165977803598528,0.9331983938757042,0.9458917835671342
1085,600,qwen2.5-1.5b-2gpu-PPO-risk-baseline1-v3-cvarupper25-iqn-8,44,0.7253882765531062,0.7236973947895792,0.7847560278036388,0.8310896199974,0.8668434092263273,0.8936696963557476,0.9134423401303736,0.9265353255728652,0.935871743486974
1113,600,qwen2.5-1.5b-2gpu-PPO-v3-iqn-8,42+1,0.7340305611222445,0.7320891783567134,0.791587357786439,0.8348567192502742,0.8680067012529665,0.8933836371322619,0.91197278803072,0.925782672921427,0.935871743486974
1140,625,qwen2.5-1.5b-2gpu-PPO,42,0.7099824649298597,0.7149142034068137,0.7826339194136304,0.8329355178298103,0.8718075162374932,0.900941939827097,0.921199358058038,0.9341764757544282,0.9418837675350702
1138,625,qwen2.5-1.5b-2gpu-PPO,43,0.6811122244488977,0.6823803857715431,0.7615121976235937,0.8180034946157784,0.8594357640269952,0.8900121402669653,0.9116420856313244,0.9259593158071222,0.937875751503006
1139,625,qwen2.5-1.5b-2gpu-PPO,44,0.6901928857715431,0.6863570891783567,0.764746027488047,0.819390143992522,0.8599546411194223,0.8907313836616682,0.91507740616958,0.9325920309118496,0.9458917835671342
1142,625,qwen2.5-1.5b-2gpu-PPO-C51,42,0.6919463927855711,0.6927918336673347,0.7668794774588547,0.8203866907042432,0.8597318620480315,0.8899918441764773,0.9145433150436952,0.9339032152316024,0.9498997995991983
1143,625,qwen2.5-1.5b-2gpu-PPO-C51,43,0.6824899799599199,0.6845253006012024,0.7660074085178231,0.82156498617783,0.8626427701770525,0.8947446661147199,0.9184470935672888,0.9336227850036716,0.9438877755511024
1141,625,qwen2.5-1.5b-2gpu-PPO-C51,44,0.688689879759519,0.6873434368737475,0.7682315911350259,0.8238016973204001,0.8636321236252691,0.8935789604660742,0.9172086721731996,0.935953473011335,0.9519038076152304
1144,625,qwen2.5-1.5b-2gpu-PPO-QRDQN,42,0.6770415831663327,0.6790142785571143,0.7589859837785808,0.8140161147191269,0.854819575591438,0.8860158189697654,0.9098080013465166,0.9277836055941988,0.9438877755511024
1145,625,qwen2.5-1.5b-2gpu-PPO-QRDQN,43,0.7069138276553106,0.7041113476953907,0.7748861403910182,0.8242395678120396,0.8597992432312819,0.8875916667936185,0.9099768037639512,0.92718816901628,0.939879759519038
1146,625,qwen2.5-1.5b-2gpu-PPO-QRDQN,44,0.6701528056112225,0.6735502254509018,0.7582428636801162,0.8175707787904267,0.8614051630439683,0.8937395096616743,0.9173100942047177,0.934828345976364,0.9478957915831664
1147,625,qwen2.5-1.5b-2gpu-PPO-iqn,43,0.6881888777555111,0.6882671593186372,0.7606613325075348,0.8123166736547712,0.8501220953723534,0.8804303145192562,0.906564516935743,0.9269091581406737,0.939879759519038
1148,625,qwen2.5-1.5b-2gpu-PPO-iqn,44,0.6721568136272545,0.6738007264529058,0.7588856354441167,0.8159033637203166,0.8567993947855385,0.8893097947371533,0.915418888925555,0.9350777113109232,0.9478957915831664
1137,625,qwen2.5-1.5b-2gpu-PPO-reweight-baseline1-v1-cvarupper25-iqn-1,42,0.6692760521042084,0.6668180110220441,0.7518370895333976,0.8102022415659967,0.8529712619932308,0.8858041015395508,0.9113728437914504,0.9311950211339182,0.9458917835671342
1125,625,qwen2.5-1.5b-2gpu-PPO-reweight-baseline1-v1-cvarupper25-iqn-1,43,0.6642660320641283,0.664563502004008,0.7547812159752576,0.8160192727036376,0.8599475948434123,0.8932692695067778,0.9196208596159507,0.9411913640098992,0.9619238476953909
1134,625,qwen2.5-1.5b-2gpu-PPO-reweight-baseline1-v3-cvarupper25-iqn-1,42,0.6843687374749499,0.6847914579158316,0.7644282166695595,0.8200964258851411,0.8617678968601165,0.8943135557344339,0.9193226211568828,0.9377624556058596,0.9519038076152304
1135,625,qwen2.5-1.5b-2gpu-PPO-reweight-baseline1-v3-cvarupper25-iqn-1,43,0.686497995991984,0.688439378757515,0.7663434644880311,0.8204026712968494,0.8597616003342186,0.8897997051926212,0.9139824866090324,0.933623513188666,0.9519038076152304
1136,625,qwen2.5-1.5b-2gpu-PPO-reweight-baseline1-v3-cvarupper25-iqn-1,44,0.688564629258517,0.6891126002004008,0.7660510489482903,0.8206883418129848,0.8623030249106562,0.8932343320736681,0.915154939801369,0.931163539403159,0.9438877755511024
1131,625,qwen2.5-1.5b-2gpu-PPO-reweight-baseline1-v3-cvarupper25-iqn-8,42,0.7295841683366734,0.7309775801603207,0.7963915034793997,0.8431285604579989,0.8773080912135083,0.9029009098127552,0.9224088003606674,0.93686434444166,0.9458917835671342
1132,625,qwen2.5-1.5b-2gpu-PPO-reweight-baseline1-v3-cvarupper25-iqn-8,43,0.7203156312625251,0.7217246993987976,0.7848682108311111,0.8317160436358281,0.8682980749209672,0.8968336141681608,0.9175761451266364,0.931414537189496,0.939879759519038
1133,625,qwen2.5-1.5b-2gpu-PPO-reweight-baseline1-v3-cvarupper25-iqn-8,44,0.7348446893787575,0.7323553356713427,0.7922555248291859,0.8372877062711851,0.8705099746015516,0.8957678522534277,0.9156084839129898,0.9312698725475383,0.9438877755511024
1116,625,qwen2.5-1.5b-2gpu-PPO-risk-baseline1-v1-cvarlower25-iqn,42,0.7154934869739479,0.7155874248496994,0.7831652478184716,0.8306768623486193,0.8665281399741709,0.8943884612538852,0.9157539239213404,0.9313023277534784,0.9438877755511024
1117,625,qwen2.5-1.5b-2gpu-PPO-risk-baseline1-v1-cvarlower25-iqn,43,0.687312124248497,0.6872808116232465,0.7611223924226406,0.8165846161764849,0.8591451254697339,0.8903756560010426,0.9136122574307488,0.9325586766707932,0.9498997995991983
1118,625,qwen2.5-1.5b-2gpu-PPO-risk-baseline1-v1-cvarlower25-iqn,44,0.6839929859719439,0.6800162825651302,0.7578562637085194,0.8139129077427445,0.8560759360029838,0.8872807124814548,0.9105423160440482,0.927331208547716,0.937875751503006
1122,625,qwen2.5-1.5b-2gpu-PPO-risk-baseline1-v1-cvarupper25-iqn,42,0.6936372745490982,0.6913671092184369,0.7671445252710144,0.8236835876477363,0.8675352417026049,0.8996681994020037,0.9210929210630252,0.9342916689140546,0.9418837675350702
1123,625,qwen2.5-1.5b-2gpu-PPO-risk-baseline1-v1-cvarupper25-iqn,43,0.6723446893787575,0.6749749498997996,0.7575534928123965,0.8160934157403671,0.8602467635293806,0.8933888689028925,0.9177316283023712,0.9357771864787536,0.9478957915831664
1124,625,qwen2.5-1.5b-2gpu-PPO-risk-baseline1-v1-cvarupper25-iqn,44,0.65625,0.656312625250501,0.7442887743991919,0.8047841958758162,0.8490926084749957,0.8833241280116263,0.9088520591550868,0.9268561754085016,0.9418837675350702
1126,625,qwen2.5-1.5b-2gpu-PPO-risk-baseline1-v3-cvarlower25-iqn-1,42,0.6945140280561122,0.6936294463927856,0.765162953860477,0.8170934494598496,0.8570261357470202,0.8881637705707262,0.9115124812635303,0.9278272864810198,0.940881763527054
1127,625,qwen2.5-1.5b-2gpu-PPO-risk-baseline1-v3-cvarlower25-iqn-1,44,0.6947645290581163,0.6973947895791583,0.7719674092279046,0.8259222122535284,0.8657720175507326,0.8955533543522651,0.9181793999576744,0.9346695345886576,0.9478957915831664
1114,625,qwen2.5-1.5b-2gpu-PPO-risk-baseline1-v3-cvarlower25-iqn-8,43,0.7307740480961924,0.7301164829659319,0.7897887310053177,0.8330747464182207,0.866317066164068,0.891751368622082,0.9097877474628492,0.922928317684262,0.933867735470942
1115,625,qwen2.5-1.5b-2gpu-PPO-risk-baseline1-v3-cvarlower25-iqn-8,44,0.717998496993988,0.719689378757515,0.7840222768371388,0.8307287193434488,0.8643957499100204,0.8892327030877825,0.9086076393740112,0.9247225582201528,0.939879759519038
1128,625,qwen2.5-1.5b-2gpu-PPO-risk-baseline1-v3-cvarupper25-iqn-1,42,0.6713426853707415,0.6748340430861723,0.750258637353447,0.8035752630119632,0.844287745812445,0.876926180465164,0.9037858086587582,0.9248075458740614,0.939879759519038
1129,625,qwen2.5-1.5b-2gpu-PPO-risk-baseline1-v3-cvarupper25-iqn-1,43,0.689754509018036,0.6921499248496994,0.7671780569012039,0.820495119410174,0.8581753993639484,0.8871632270235478,0.9095096657022116,0.9263896624733332,0.937875751503006
1130,625,qwen2.5-1.5b-2gpu-PPO-risk-baseline1-v3-cvarupper25-iqn-1,44,0.686497995991984,0.6838207665330661,0.7584551484859483,0.8100579280044905,0.8492143080721009,0.8798526693321054,0.9035798436257886,0.9217717137139178,0.937875751503006
1119,625,qwen2.5-1.5b-2gpu-PPO-risk-baseline1-v3-cvarupper25-iqn-8,42,0.7149298597194389,0.7141470440881763,0.7804223111577486,0.831139282502012,0.8701004409026049,0.8990240708174865,0.9211274711995702,0.9387429640415836,0.9519038076152304
1120,625,qwen2.5-1.5b-2gpu-PPO-risk-baseline1-v3-cvarupper25-iqn-8,43,0.7205035070140281,0.7212550100200401,0.7852683713884462,0.8337991817906528,0.8706762313955091,0.8985161603726662,0.919630420188214,0.934034549537635,0.9438877755511024
1121,625,qwen2.5-1.5b-2gpu-PPO-risk-baseline1-v3-cvarupper25-iqn-8,44,0.7250125250501002,0.7234938627254509,0.7868357285437017,0.8341466735495738,0.869774987014323,0.895978280735717,0.9143077905914588,0.927924358683166,0.939879759519038
1149,625,qwen2.5-1.5b-2gpu-PPO-v3-iqn-8,42+1,0.7284569138276553,0.7283316633266533,0.7885527452542881,0.8324837842163517,0.8671420014018935,0.8942832101981057,0.9134334024954948,0.9268966957517047,0.937875751503006
1150,628,qwen2.5-1.5b-2gpu-PPO-reweight-baseline1-v1-cvarupper25-iqn-1,43,0.6672094188376754,0.6633266533066132,0.753964375601597,0.8152840108413303,0.8586511061657809,0.8911331098525118,0.9179117558830004,0.9413369383567974,0.9599198396793588
1151,628,qwen2.5-1.5b-2gpu-PPO-risk-baseline1-v3-cvarlower25-iqn-1,42,0.6967059118236473,0.6947801853707415,0.7658937461537247,0.8170836468587719,0.85576532675086,0.8861375459994105,0.9108729249028826,0.9295005876417096,0.9428857715430862
1152,628,qwen2.5-1.5b-2gpu-PPO-risk-baseline1-v3-cvarlower25-iqn-1,44,0.6967685370741483,0.6950463426853707,0.7696956412825652,0.8244036253985285,0.8659588419609128,0.8975920434453666,0.920728133808552,0.9354561276235084,0.9438877755511024
1153,628,qwen2.5-1.5b-2gpu-PPO-v3-iqn-8,42+1,0.7256387775551102,0.7293493236472945,0.7895140675050889,0.8324155002919226,0.8657310496191487,0.8919371493024417,0.911525162514362,0.9276981505163852,0.9418837675350702
